#pragma once
#include <stdint.h>

// AUTO-GENERATED from the IEEE OUI registry by tools/gen_oui_table.py.
// Do NOT hand-edit; add or override vendors in oui_vendors.cpp (USER_OUI)
// or edit tools/gen_oui_table.py and regenerate.
//
// Complete set of OUIs for the common vendors, not the whole IEEE registry.
// Entries: 9685

static const char* const OUI_DATA_VENDORS[] = {
    "Espressif",
    "TP-Link",
    "Netgear",
    "Cisco",
    "Linksys",
    "Meraki",
    "Ubiquiti",
    "Apple",
    "Samsung",
    "Xiaomi",
    "Huawei",
    "Intel",
    "Amazon",
    "Google",
    "ASUS",
    "D-Link",
    "Zyxel",
    "MikroTik",
    "Aruba/HPE",
    "Ruckus",
    "Fortinet",
    "Belkin",
    "Arris",
    "Sony",
    "LG",
    "Realtek",
    "Roku",
    "Nintendo",
    "Sonos",
    "Tuya/SmartLife",
};

// OUI keys, sorted ascending (binary-searched).
static const uint32_t OUI_DATA_KEYS[] = {
    0x00000C,0x000095,0x0000C3,0x0000C5,0x0000CA,0x0000F0,0x000142,0x000143,
    0x00014A,0x000163,0x000164,0x000196,0x000197,0x0001C7,0x0001C9,0x0001E6,
    0x0001E7,0x000216,0x000217,0x00023D,0x00024A,0x00024B,0x000268,0x000278,
    0x00027D,0x00027E,0x0002A5,0x0002B3,0x0002B9,0x0002BA,0x0002FC,0x0002FD,
    0x000331,0x000332,0x000347,0x00036B,0x00036C,0x000393,0x00039F,0x0003A0,
    0x0003E0,0x0003E3,0x0003E4,0x0003FD,0x0003FE,0x00040F,0x00041F,0x000423,
    0x000427,0x000428,0x00043C,0x00044D,0x00044E,0x00045A,0x00046D,0x00046E,
    0x00049A,0x00049B,0x0004BD,0x0004C0,0x0004C1,0x0004DD,0x0004DE,0x0004EA,
    0x000500,0x000501,0x000502,0x000531,0x000532,0x00055D,0x00055E,0x00055F,
    0x000573,0x000574,0x00059A,0x00059B,0x0005C9,0x0005DC,0x0005DD,0x0005FC,
    0x000625,0x000628,0x00062A,0x000652,0x000653,0x00067C,0x0006C1,0x0006D6,
    0x0006D7,0x0006EC,0x0006F6,0x00070D,0x00070E,0x00074F,0x000750,0x00077D,
    0x000784,0x000785,0x0007AB,0x0007B3,0x0007B4,0x0007E9,0x0007EB,0x0007EC,
    0x000802,0x00080E,0x000820,0x000821,0x00082F,0x000830,0x000831,0x000832,
    0x00087C,0x00087D,0x000883,0x0008A3,0x0008A4,0x0008C2,0x0008C7,0x0008E2,
    0x0008E3,0x0008FB,0x00090F,0x000911,0x000912,0x000918,0x000943,0x000944,
    0x00095B,0x00097B,0x00097C,0x0009B6,0x0009B7,0x0009BF,0x0009E8,0x0009E9,
    0x000A27,0x000A41,0x000A42,0x000A57,0x000A8A,0x000A8B,0x000A95,0x000AB7,
    0x000AB8,0x000AD9,0x000AEB,0x000AF3,0x000AF4,0x000B06,0x000B45,0x000B46,
    0x000B5F,0x000B60,0x000B85,0x000B86,0x000BBE,0x000BBF,0x000BCD,0x000BFC,
    0x000BFD,0x000C30,0x000C31,0x000C41,0x000C42,0x000C6E,0x000C85,0x000C86,
    0x000CCE,0x000CCF,0x000CE5,0x000CE6,0x000CF1,0x000D28,0x000D29,0x000D4B,
    0x000D65,0x000D66,0x000D88,0x000D93,0x000D9D,0x000DAE,0x000DBC,0x000DBD,
    0x000DE5,0x000DEC,0x000DED,0x000E07,0x000E08,0x000E0C,0x000E35,0x000E38,
    0x000E39,0x000E58,0x000E5C,0x000E7F,0x000E83,0x000E84,0x000EA6,0x000EB3,
    0x000ED6,0x000ED7,0x000F20,0x000F23,0x000F24,0x000F34,0x000F35,0x000F3D,
    0x000F61,0x000F66,0x000F8F,0x000F90,0x000F9F,0x000FB5,0x000FCC,0x000FDE,
    0x000FF7,0x000FF8,0x001007,0x00100B,0x00100D,0x001011,0x001014,0x00101F,
    0x001029,0x00102F,0x001054,0x001079,0x00107B,0x001083,0x0010A6,0x0010E3,
    0x0010F6,0x0010FA,0x0010FF,0x00110A,0x001111,0x00111A,0x001120,0x001121,
    0x001124,0x00112F,0x001150,0x00115C,0x00115D,0x001175,0x001180,0x001185,
    0x001192,0x001193,0x001195,0x0011AE,0x0011BB,0x0011BC,0x0011D8,0x001200,
    0x001201,0x001217,0x001225,0x001243,0x001244,0x001247,0x001279,0x00127F,
    0x001280,0x00128A,0x0012C9,0x0012D9,0x0012DA,0x0012EE,0x0012F0,0x0012FB,
    0x001302,0x001310,0x001311,0x001315,0x001319,0x00131A,0x001320,0x001321,
    0x001346,0x001349,0x00135F,0x001360,0x001371,0x001377,0x00137F,0x001380,
    0x001392,0x0013A9,0x0013C3,0x0013C4,0x0013CE,0x0013D4,0x0013E8,0x001404,
    0x00141B,0x00141C,0x001438,0x001451,0x001469,0x00146A,0x00146C,0x001478,
    0x00149A,0x0014A8,0x0014A9,0x0014BF,0x0014C2,0x0014E8,0x0014F1,0x0014F2,
    0x001500,0x001517,0x00152B,0x00152C,0x00152F,0x001560,0x001562,0x001563,
    0x00156D,0x001596,0x001599,0x00159A,0x0015A2,0x0015A3,0x0015A4,0x0015A8,
    0x0015B9,0x0015C1,0x0015C6,0x0015C7,0x0015CE,0x0015CF,0x0015D0,0x0015D1,
    0x0015E9,0x0015F2,0x0015F9,0x0015FA,0x001620,0x001626,0x001632,0x001635,
    0x001646,0x001647,0x001656,0x00166B,0x00166C,0x00166F,0x001675,0x001676,
    0x00169C,0x00169D,0x0016B5,0x0016B6,0x0016B8,0x0016C7,0x0016C8,0x0016CB,
    0x0016DB,0x0016EA,0x0016EB,0x001700,0x001708,0x00170E,0x00170F,0x001731,
    0x00173B,0x00173F,0x001759,0x00175A,0x001784,0x001794,0x001795,0x00179A,
    0x0017A4,0x0017AB,0x0017C9,0x0017D5,0x0017DF,0x0017E0,0x0017E2,0x0017EE,
    0x0017F2,0x0017F3,0x00180A,0x001813,0x001818,0x001819,0x001839,0x00184D,
    0x001871,0x001873,0x001874,0x001882,0x0018A4,0x0018AF,0x0018B9,0x0018BA,
    0x0018C0,0x0018DE,0x0018F3,0x0018F8,0x0018FE,0x001906,0x001907,0x00191D,
    0x00192C,0x00192F,0x001930,0x001955,0x001956,0x00195B,0x00195E,0x001963,
    0x0019A6,0x0019A9,0x0019AA,0x0019BB,0x0019C0,0x0019C5,0x0019CB,0x0019D1,
    0x0019D2,0x0019E0,0x0019E3,0x0019E7,0x0019E8,0x0019FD,0x001A11,0x001A1B,
    0x001A1E,0x001A2F,0x001A30,0x001A4B,0x001A66,0x001A6C,0x001A6D,0x001A70,
    0x001A75,0x001A77,0x001A80,0x001A83,0x001A8A,0x001A92,0x001AA1,0x001AA2,
    0x001AAD,0x001ADB,0x001ADE,0x001AE2,0x001AE3,0x001AE9,0x001B0C,0x001B0D,
    0x001B11,0x001B21,0x001B2A,0x001B2B,0x001B2F,0x001B52,0x001B53,0x001B54,
    0x001B59,0x001B63,0x001B67,0x001B77,0x001B78,0x001B7A,0x001B8F,0x001B90,
    0x001B98,0x001BD4,0x001BD5,0x001BDD,0x001BEA,0x001BFC,0x001C0E,0x001C0F,
    0x001C10,0x001C11,0x001C12,0x001C43,0x001C57,0x001C58,0x001C62,0x001CA4,
    0x001CB0,0x001CB1,0x001CB3,0x001CBE,0x001CBF,0x001CC0,0x001CC1,0x001CC3,
    0x001CC4,0x001CDF,0x001CF0,0x001CF6,0x001CF9,0x001CFB,0x001D0D,0x001D0F,
    0x001D25,0x001D28,0x001D2E,0x001D45,0x001D46,0x001D4F,0x001D60,0x001D6B,
    0x001D70,0x001D71,0x001D7E,0x001DA1,0x001DA2,0x001DBA,0x001DBC,0x001DBE,
    0x001DCD,0x001DCE,0x001DCF,0x001DD0,0x001DD1,0x001DD2,0x001DD3,0x001DD4,
    0x001DD5,0x001DD6,0x001DE0,0x001DE1,0x001DE5,0x001DE6,0x001DF6,0x001E0B,
    0x001E10,0x001E13,0x001E14,0x001E2A,0x001E35,0x001E45,0x001E46,0x001E49,
    0x001E4A,0x001E52,0x001E58,0x001E5A,0x001E64,0x001E65,0x001E67,0x001E75,
    0x001E79,0x001E7A,0x001E7D,0x001E8C,0x001E8D,0x001EA9,0x001EB2,0x001EBD,
    0x001EBE,0x001EC2,0x001EDC,0x001EE1,0x001EE2,0x001EE5,0x001EF6,0x001EF7,
    0x001F26,0x001F27,0x001F29,0x001F32,0x001F33,0x001F3B,0x001F3C,0x001F41,
    0x001F5B,0x001F6B,0x001F6C,0x001F6D,0x001F7E,0x001F9D,0x001F9E,0x001FA7,
    0x001FC4,0x001FC5,0x001FC6,0x001FC9,0x001FCA,0x001FCC,0x001FCD,0x001FE3,
    0x001FE4,0x001FF3,0x002040,0x00207B,0x002119,0x00211B,0x00211C,0x00211E,
    0x002127,0x002129,0x002136,0x002143,0x002147,0x00214C,0x002155,0x002156,
    0x00215A,0x00215C,0x00215D,0x00216A,0x00216B,0x002180,0x002182,0x002191,
    0x00219E,0x0021A0,0x0021A1,0x0021BD,0x0021D1,0x0021D2,0x0021D7,0x0021D8,
    0x0021E9,0x0021FB,0x00220C,0x00220D,0x002210,0x002215,0x00223F,0x002241,
    0x00224C,0x002255,0x002256,0x002264,0x00226B,0x002275,0x00227F,0x002290,
    0x002291,0x002298,0x0022A1,0x0022A6,0x0022A9,0x0022AA,0x0022B0,0x0022B4,
    0x0022BD,0x0022BE,0x0022D7,0x0022FA,0x0022FB,0x002304,0x002305,0x00230B,
    0x002312,0x002314,0x002315,0x002331,0x002332,0x002333,0x002334,0x002339,
    0x00233A,0x002345,0x002354,0x00235D,0x00235E,0x002369,0x00236C,0x002374,
    0x002375,0x00237D,0x002395,0x002399,0x0023A2,0x0023A3,0x0023AB,0x0023AC,
    0x0023AF,0x0023C2,0x0023CC,0x0023CD,0x0023D6,0x0023D7,0x0023DF,0x0023EA,
    0x0023EB,0x0023ED,0x0023EE,0x0023F1,0x0023F8,0x002401,0x002413,0x002414,
    0x00241E,0x002436,0x002444,0x002450,0x002451,0x002454,0x00246C,0x002481,
    0x002482,0x002483,0x00248C,0x00248D,0x002490,0x002491,0x002493,0x002495,
    0x002497,0x002498,0x0024A0,0x0024A1,0x0024B2,0x0024BE,0x0024C1,0x0024C3,
    0x0024C4,0x0024D6,0x0024D7,0x0024E9,0x0024EF,0x0024F3,0x0024F7,0x0024F9,
    0x002500,0x002538,0x002545,0x002546,0x00254B,0x002566,0x002567,0x002568,
    0x002583,0x002584,0x002586,0x00259C,0x00259E,0x0025A0,0x0025B3,0x0025B4,
    0x0025B5,0x0025BC,0x0025C4,0x0025E5,0x0025E7,0x0025F1,0x0025F2,0x002608,
    0x00260A,0x00260B,0x002618,0x002636,0x002637,0x002641,0x002642,0x00264A,
    0x002651,0x002652,0x002655,0x002659,0x00265A,0x00265D,0x00265F,0x002698,
    0x002699,0x0026B0,0x0026BA,0x0026BB,0x0026C6,0x0026C7,0x0026CA,0x0026CB,
    0x0026D9,0x0026E2,0x0026F2,0x002709,0x00270C,0x00270D,0x00270E,0x002710,
    0x002719,0x002722,0x002790,0x0027E3,0x0028F8,0x0029C2,0x002A10,0x002A6A,
    0x002B70,0x002CC8,0x002EC7,0x002F5C,0x003019,0x003024,0x003040,0x003064,
    0x003065,0x00306E,0x003071,0x003078,0x00307B,0x003080,0x003085,0x003094,
    0x003096,0x0030A3,0x0030B6,0x0030BD,0x0030C1,0x0030F2,0x003192,0x003217,
    0x003358,0x00337A,0x0034DA,0x0034FE,0x00351A,0x003676,0x0038DF,0x003A7D,
    0x003A98,0x003A99,0x003A9A,0x003A9B,0x003A9C,0x003C10,0x003DE1,0x003DE8,
    0x003EC4,0x003EE1,0x00400B,0x004020,0x00402D,0x004096,0x0041D2,0x004238,
    0x00425A,0x004268,0x00451D,0x00464B,0x004B0D,0x004B12,0x004E35,0x004F1A,
    0x00500B,0x00500F,0x005014,0x00502A,0x00503E,0x005050,0x005053,0x005054,
    0x005073,0x005080,0x00508B,0x005094,0x0050A2,0x0050A7,0x0050BA,0x0050BD,
    0x0050D1,0x0050E2,0x0050E3,0x0050E4,0x0050F0,0x0051ED,0x00562B,0x00566D,
    0x0056CD,0x0057C1,0x0057D2,0x00596C,0x0059DC,0x005A13,0x005B94,0x005D73,
    0x005F67,0x005F86,0x006009,0x00602F,0x00603E,0x006047,0x00605C,0x006070,
    0x006083,0x0060B0,0x006151,0x006171,0x0062EC,0x006440,0x006619,0x00664B,
    0x0066DC,0x00682B,0x006B6F,0x006BF1,0x006CBC,0x006D52,0x006F64,0x007007,
    0x007147,0x007204,0x007278,0x0072EE,0x0073E0,0x007686,0x00778D,0x007888,
    0x007C2D,0x007D3B,0x007D60,0x007E95,0x00805F,0x0080A0,0x0080C8,0x00812A,
    0x0081C4,0x008320,0x00841E,0x008621,0x008667,0x008701,0x008731,0x008764,
    0x008865,0x008A55,0x008A76,0x008A96,0x008E73,0x008EF2,0x00900C,0x00900E,
    0x009021,0x009027,0x00902B,0x00905F,0x00906D,0x00906F,0x009086,0x009092,
    0x00909C,0x0090A6,0x0090AB,0x0090B1,0x0090BF,0x0090D9,0x0090F2,0x00919E,
    0x009235,0x0092A5,0x009337,0x0094EC,0x0097F1,0x00991D,0x009ACD,0x009AD2,
    0x009C02,0x009E1E,0x009EC8,0x00A040,0x00A0C5,0x00A0C9,0x00A159,0x00A289,
    0x00A2EE,0x00A38E,0x00A3D1,0x00A45F,0x00A554,0x00A5BF,0x00A6CA,0x00A742,
    0x00A91D,0x00AA00,0x00AA01,0x00AA02,0x00AA6E,0x00AA70,0x00ACE0,0x00AD24,
    0x00ADD5,0x00AF1F,0x00B04A,0x00B064,0x00B08E,0x00B0C2,0x00B0E1,0x00B1E3,
    0x00B362,0x00B5D0,0x00B670,0x00B771,0x00B8B3,0x00BB1C,0x00BB3A,0x00BB60,
    0x00BC60,0x00BE3B,0x00BE75,0x00BF61,0x00BF77,0x00C164,0x00C1B1,0x00C2C6,
    0x00C30A,0x00C3F4,0x00C585,0x00C610,0x00C84E,0x00C88B,0x00CAE5,0x00CC05,
    0x00CCFC,0x00CDFE,0x00D006,0x00D037,0x00D058,0x00D063,0x00D079,0x00D088,
    0x00D090,0x00D097,0x00D0AC,0x00D0B7,0x00D0BA,0x00D0BB,0x00D0BC,0x00D0C0,
    0x00D0D3,0x00D0E4,0x00D0FF,0x00D49E,0x00D6FE,0x00D76D,0x00D78F,0x00D8A2,
    0x00D9D1,0x00DA55,0x00DB70,0x00DBDF,0x00DEFB,0x00DF1D,0x00E014,0x00E018,
    0x00E01E,0x00E034,0x00E04C,0x00E04F,0x00E064,0x00E06F,0x00E08F,0x00E091,
    0x00E0A3,0x00E0B0,0x00E0F7,0x00E0F9,0x00E0FC,0x00E0FE,0x00E12F,0x00E16D,
    0x00E18C,0x00E3B2,0x00E406,0x00E421,0x00E63A,0x00EABD,0x00EB2D,0x00EBD5,
    0x00EC0A,0x00EEAB,0x00F28B,0x00F361,0x00F39F,0x00F46F,0x00F4B9,0x00F5FD,
    0x00F620,0x00F663,0x00F76F,0x00F7AD,0x00F81C,0x00F82C,0x00F952,0x00FA21,
    0x00FB4A,0x00FC8B,0x00FCBA,0x00FD22,0x00FD45,0x00FEC8,0x04006E,0x0401A1,
    0x04021F,0x0403D6,0x040973,0x040CCE,0x040F66,0x04106B,0x04137A,0x041471,
    0x041552,0x04180F,0x041892,0x0418D6,0x041B6D,0x041BBA,0x041C6C,0x041E64,
    0x042336,0x0425C5,0x042665,0x042758,0x04292E,0x042AE2,0x042EC1,0x0430FA,
    0x04331F,0x043389,0x0433C2,0x0434CF,0x0441A5,0x04421A,0x04489A,0x04495D,
    0x044A6C,0x044BB1,0x044BED,0x044E5A,0x044EAF,0x044F4C,0x044FAA,0x0452F3,
    0x045453,0x0455B8,0x0456E5,0x045D4B,0x045FB9,0x046273,0x0463D0,0x046761,
    0x046865,0x0469F8,0x046C59,0x046C9D,0x046F00,0x047179,0x047295,0x0472EF,
    0x04749E,0x047503,0x0476B0,0x047970,0x047A0B,0x047AAE,0x04801A,0x048308,
    0x04885F,0x048C16,0x048C9A,0x049226,0x0499B9,0x0499BB,0x049D05,0x049FCA,
    0x04A151,0x04A6C8,0x04A741,0x04A81C,0x04AE47,0x04B0E7,0x04B167,0x04B1A1,
    0x04B247,0x04B429,0x04B5B2,0x04B9E3,0x04BA1C,0x04BA8D,0x04BAD6,0x04BC6D,
    0x04BD70,0x04BD88,0x04BD97,0x04BDBF,0x04BE58,0x04BF6D,0x04BFD5,0x04C06F,
    0x04C1D8,0x04C5A4,0x04C807,0x04C845,0x04C8B0,0x04CAED,0x04CB01,0x04CCBC,
    0x04CF4B,0x04CF8C,0x04D13A,0x04D3B0,0x04D3B5,0x04D3CF,0x04D4C4,0x04D590,
    0x04D6AA,0x04D9F5,0x04DAD2,0x04DB56,0x04E387,0x04E4B6,0x04E536,0x04E598,
    0x04E795,0x04E8B9,0x04EA56,0x04EB40,0x04ECD8,0x04ED33,0x04F03E,0x04F0EE,
    0x04F13E,0x04F169,0x04F352,0x04F41C,0x04F778,0x04F7E4,0x04F938,0x04F9F8,
    0x04FE31,0x04FE7F,0x04FE8D,0x04FF08,0x080007,0x080009,0x080016,0x080046,
    0x080205,0x08023C,0x08028E,0x080581,0x0808C2,0x080FE5,0x081093,0x081196,
    0x0812A5,0x08152F,0x0816E3,0x081735,0x081814,0x0819A6,0x081AFD,0x081C6E,
    0x081F71,0x081FF3,0x0821EF,0x0823C6,0x08240B,0x082525,0x082573,0x082697,
    0x08276B,0x082CB6,0x082E36,0x082E5F,0x082FE9,0x08318B,0x0831A4,0x0836C9,
    0x08373D,0x083A8D,0x083AF2,0x083D88,0x083E0C,0x0845D1,0x084F0A,0x084FA9,
    0x084FF9,0x085104,0x085531,0x085700,0x0857FB,0x085A11,0x085B0E,0x085BD6,
    0x085C1B,0x085D53,0x08606E,0x086202,0x086266,0x086361,0x08638A,0x086518,
    0x086698,0x086A0B,0x086AC5,0x086AE5,0x086D41,0x086E9C,0x087045,0x087073,
    0x08711C,0x087190,0x087402,0x087808,0x08798C,0x087A4C,0x087B0F,0x087B87,
    0x087C39,0x087C43,0x08849D,0x08863B,0x0887C7,0x088BC8,0x088C2C,0x088E90,
    0x088EDC,0x089115,0x0891A3,0x089272,0x089356,0x0894EC,0x089542,0x0896AD,
    0x089707,0x089734,0x089DF4,0x089E08,0x089E84,0x08A5DF,0x08A6BC,0x08A6F7,
    0x08A842,0x08AD0A,0x08AED6,0x08B339,0x08B3D6,0x08B4B1,0x08B4D2,0x08B61F,
    0x08BD43,0x08BFA0,0x08BFB8,0x08C021,0x08C06C,0x08C224,0x08C5E1,0x08C729,
    0x08C7B5,0x08CC68,0x08CCA7,0x08D09F,0x08D1F9,0x08D23E,0x08D40C,0x08D42B,
    0x08D46A,0x08D945,0x08DD82,0x08E64B,0x08E689,0x08E7E5,0x08E84F,0x08EB21,
    0x08EBF6,0x08ECA9,0x08ECF5,0x08EE8B,0x08F1B3,0x08F1EA,0x08F3FB,0x08F458,
    0x08F4AB,0x08F4F0,0x08F69C,0x08F8BC,0x08F9E0,0x08FA28,0x08FC88,0x08FD0E,
    0x08FD58,0x08FF44,0x0C02BD,0x0C07DF,0x0C07F3,0x0C0E76,0x0C0ECB,0x0C1167,
    0x0C12AD,0x0C1420,0x0C1539,0x0C1563,0x0C1773,0x0C184E,0x0C19F8,0x0C1DAF,
    0x0C238D,0x0C2643,0x0C2724,0x0C2C54,0x0C2D71,0x0C2E57,0x0C2FB0,0x0C3021,
    0x0C31DC,0x0C323A,0x0C37DC,0x0C3B50,0x0C3E9F,0x0C41E9,0x0C43F9,0x0C45BA,
    0x0C47C9,0x0C4885,0x0C4B54,0x0C4DE9,0x0C4EA0,0x0C4F9B,0x0C5101,0x0C517E,
    0x0C53B7,0x0C5415,0x0C6743,0x0C6803,0x0C6AC4,0x0C6F8B,0x0C7043,0x0C704A,
    0x0C715D,0x0C722C,0x0C74C2,0x0C75BD,0x0C771A,0x0C7A15,0x0C7BC8,0x0C7FB2,
    0x0C8063,0x0C8268,0x0C8306,0x0C839A,0x0C8408,0x0C8525,0x0C85E1,0x0C8910,
    0x0C8B95,0x0C8BA2,0x0C8BFD,0x0C8DCA,0x0C8DDB,0x0C8FFF,0x0C9192,0x0C96BF,
    0x0C975F,0x0C9838,0x0C9A3C,0x0C9D92,0x0CA3B2,0x0CA8A7,0x0CAE39,0x0CAF31,
    0x0CB319,0x0CB527,0x0CB5B3,0x0CB6D2,0x0CB771,0x0CB787,0x0CB78E,0x0CB7EC,
    0x0CB815,0x0CBC9F,0x0CBEF1,0x0CC413,0x0CC56C,0x0CC6CC,0x0CC6FD,0x0CC98A,
    0x0CCC5D,0x0CD0F8,0x0CD292,0x0CD5D3,0x0CD6BD,0x0CD746,0x0CD996,0x0CDBEA,
    0x0CDC7E,0x0CDC91,0x0CDD24,0x0CDFA4,0x0CE0DC,0x0CE441,0x0CE4A0,0x0CE5A1,
    0x0CE5B5,0x0CE623,0x0CEA14,0x0CEAC9,0x0CEDC8,0x0CEE99,0x0CEF15,0x0CF346,
    0x0CF4D5,0x0CF5A4,0x0CF893,0x0CFC18,0x0CFE45,0x100020,0x10003B,0x100177,
    0x1002B5,0x1005B1,0x1005CA,0x10061C,0x1006ED,0x1007B6,0x1009F9,0x100BA9,
    0x100C6B,0x100D7F,0x100D8C,0x101B54,0x101C0C,0x101D6E,0x101DC0,0x101F74,
    0x1020BA,0x102407,0x1027F5,0x102959,0x1029AB,0x102AB3,0x102B41,0x102E00,
    0x102FCA,0x103025,0x103047,0x10321D,0x10327E,0x103917,0x103B54,0x103B59,
    0x103D1C,0x103F44,0x1040F3,0x10417F,0x104210,0x104400,0x104780,0x10490E,
    0x104A7D,0x104F58,0x104FA8,0x105107,0x105172,0x1051DB,0x10521C,0x1052BD,
    0x105611,0x105725,0x105932,0x105A17,0x105A95,0x105DDC,0x105FAD,0x10604B,
    0x1062E5,0x1062EB,0x1067A3,0x10683F,0x107100,0x1071B3,0x1077B1,0x107B44,
    0x107BEF,0x107C61,0x107DC8,0x10868C,0x1086F4,0x1088D3,0x1089FB,0x108CCF,
    0x108EE0,0x108FFE,0x1091A8,0x1091D1,0x109266,0x109397,0x1093E9,0x1094BB,
    0x1094EF,0x109693,0x1096C6,0x1097BD,0x109ABA,0x109ADD,0x109D7A,0x109E6B,
    0x109F41,0x10A1DA,0x10A2D3,0x10A30F,0x10A4C9,0x10A4DA,0x10A51D,0x10A829,
    0x10A85B,0x10A879,0x10ABC9,0x10AE60,0x10B1F8,0x10B3C6,0x10B3D5,0x10B3D6,
    0x10B41D,0x10B588,0x10B9C4,0x10BC36,0x10BD18,0x10BD3A,0x10BDA3,0x10BEF5,
    0x10BF48,0x10BF67,0x10C172,0x10C197,0x10C37B,0x10C3AB,0x10C5FA,0x10C61F,
    0x10CD54,0x10CE02,0x10CEE9,0x10CF0F,0x10D38A,0x10D542,0x10D561,0x10D9A2,
    0x10DA43,0x10DA49,0x10DA63,0x10DDB1,0x10E177,0x10E2C9,0x10E376,0x10E4C2,
    0x10E676,0x10E7C6,0x10E953,0x10EC81,0x10F005,0x10F068,0x10F1F2,0x10F311,
    0x10F60A,0x10F920,0x10F96F,0x10FC33,0x10FEED,0x140152,0x1402EC,0x140338,
    0x140498,0x140808,0x1409DC,0x140AC5,0x140B9E,0x14109F,0x1413FB,0x14147D,
    0x14169D,0x1418C3,0x141923,0x141A97,0x141BA0,0x141F78,0x14205E,0x14223B,
    0x14230A,0x142876,0x142B2F,0x142D4D,0x143004,0x1432D1,0x14335C,0x143375,
    0x1435B7,0x14360E,0x143B51,0x143CC3,0x143EC2,0x143FA6,0x144658,0x144920,
    0x1449C5,0x1449D4,0x1449E0,0x144F8A,0x145120,0x145594,0x14563A,0x14568E,
    0x14579F,0x1458D0,0x1459C0,0x145A05,0x145BD1,0x145EBC,0x145F94,0x1460CB,
    0x146393,0x14656A,0x14755B,0x147590,0x147649,0x147740,0x147AE4,0x147DDA,
    0x147E19,0x147F67,0x147FCE,0x148473,0x148509,0x14857F,0x148692,0x14876A,
    0x1488E6,0x1489CB,0x1489FD,0x148C4A,0x148F79,0x148FC6,0x14907A,0x149138,
    0x149182,0x14946C,0x1495CE,0x1496E5,0x149877,0x14993E,0x1499E2,0x149AA3,
    0x149D09,0x149D99,0x149F3C,0x149F43,0x14A0F8,0x14A2A0,0x14A32F,0x14A364,
    0x14A3B4,0x14A51A,0x14A6B9,0x14AB02,0x14ABC5,0x14ABEC,0x14ABF0,0x14B484,
    0x14B653,0x14B903,0x14B968,0x14BB6E,0x14BC68,0x14BD61,0x14C03E,0x14C14E,
    0x14C19F,0x14C213,0x14C7C4,0x14C88B,0x14C913,0x14CC20,0x14CF92,0x14CFE2,
    0x14D00D,0x14D11F,0x14D169,0x14D19E,0x14D1D4,0x14D4FE,0x14D55C,0x14D64D,
    0x14D864,0x14D881,0x14DAB9,0x14DAE9,0x14DDA9,0x14DE39,0x14E01D,0x14E22A,
    0x14E6E4,0x14EB08,0x14EBB6,0x14F287,0x14F42A,0x14F65A,0x14F6D8,0x14FB70,
    0x18002D,0x1801F1,0x18022D,0x180B1B,0x180BD0,0x180F76,0x1816C9,0x1819D6,
    0x181DEA,0x181EB0,0x182032,0x1820D5,0x182195,0x18227E,0x182649,0x182654,
    0x182666,0x182A57,0x182A7B,0x1831BF,0x1832DE,0x183386,0x18339D,0x183451,
    0x1835D1,0x183A2D,0x183CB7,0x183D5E,0x183DA2,0x183EEF,0x183F47,0x183F70,
    0x184617,0x1848BE,0x184A53,0x184B0D,0x184E16,0x184ECB,0x1854CF,0x1855E3,
    0x185644,0x185680,0x1856C3,0x185936,0x1859F5,0x185BB3,0x185E0F,0x186024,
    0x186472,0x186590,0x1867B0,0x186945,0x1869D4,0x1869D8,0x18703B,0x18742E,
    0x187A3B,0x187C0B,0x187EB9,0x188090,0x18810E,0x188331,0x188740,0x18895B,
    0x188B0E,0x188B45,0x188B9D,0x189341,0x189C27,0x189C5D,0x189E2C,0x189EFC,
    0x18A084,0x18A6F7,0x18A905,0x18AA0F,0x18AB1D,0x18AF61,0x18AF8F,0x18B657,
    0x18B81F,0x18B83D,0x18B842,0x18BB1C,0x18BB41,0x18BFB3,0x18C007,0x18C58A,
    0x18CC18,0x18CE94,0x18CF24,0x18D276,0x18D3CF,0x18D6C7,0x18D6DD,0x18D98F,
    0x18DE50,0x18DED7,0x18E2C2,0x18E671,0x18E728,0x18E7B0,0x18E7F4,0x18E829,
    0x18E91D,0x18EE69,0x18EF63,0x18F0E4,0x18F1D8,0x18F22C,0x18F643,0x18F935,
    0x18FAB7,0x18FD74,0x18FE34,0x18FF0F,0x1C08C1,0x1C0B8B,0x1C0D7D,0x1C0EAF,
    0x1C0EC2,0x1C12B0,0x1C1386,0x1C13FA,0x1C1448,0x1C151F,0x1C17D3,0x1C1AC0,
    0x1C1B68,0x1C1BB5,0x1C1D67,0x1C1D86,0x1C1DD3,0x1C1FF1,0x1C20DB,0x1C2226,
    0x1C232C,0x1C2575,0x1C28AF,0x1C2904,0x1C2AB0,0x1C3003,0x1C32AC,0x1C3576,
    0x1C36BB,0x1C3A60,0x1C3ADE,0x1C3BF3,0x1C3C78,0x1C3CD4,0x1C3D2F,0x1C42C2,
    0x1C4363,0x1C4419,0x1C4586,0x1C472F,0x1C4D66,0x1C4D70,0x1C53F9,0x1C57DC,
    0x1C599B,0x1C5A3E,0x1C5CF2,0x1C5F2B,0x1C61B4,0x1C61BF,0x1C627E,0x1C62B8,
    0x1C66AA,0x1C6758,0x1C6920,0x1C6A1B,0x1C6A76,0x1C6A7A,0x1C7055,0x1C7125,
    0x1C73E2,0x1C740D,0x1C76F2,0x1C7754,0x1C7B21,0x1C7EE5,0x1C7F2C,0x1C84A6,
    0x1C8682,0x1C869A,0x1C872C,0x1C8B84,0x1C8BEF,0x1C8E2A,0x1C8E5C,0x1C8F57,
    0x1C90FF,0x1C9148,0x1C9180,0x1C937C,0x1C93C4,0x1C98EC,0x1C9957,0x1C99DB,
    0x1C9DC2,0x1C9E46,0x1CA681,0x1CAA07,0x1CABA7,0x1CAECB,0x1CAF05,0x1CAF4A,
    0x1CAFF7,0x1CB3C9,0x1CB46C,0x1CB72C,0x1CB796,0x1CB9C4,0x1CBDB9,0x1CC10C,
    0x1CC1DE,0x1CC212,0x1CC3AB,0x1CCCD6,0x1CD11A,0x1CD1D7,0x1CD1E0,0x1CD3AF,
    0x1CDBD4,0x1CDEA7,0x1CDF0F,0x1CE209,0x1CE4CB,0x1CE504,0x1CE57F,0x1CE587,
    0x1CE61D,0x1CE62B,0x1CE639,0x1CE6AD,0x1CE6C7,0x1CE85D,0x1CEAAC,0x1CF29A,
    0x1CF42B,0x1CF64C,0x1CF8D0,0x1CF9D5,0x1CFA68,0x1CFC17,0x1CFC2A,0x1CFE2B,
    0x1CFFAD,0x200484,0x2008ED,0x200BC5,0x200BC7,0x200BCF,0x200CC8,0x200E2B,
    0x2010B1,0x2013E0,0x2014C4,0x201582,0x2015DE,0x2016B9,0x201742,0x201A94,
    0x201C3A,0x201E1D,0x201E88,0x201F3B,0x2021A5,0x202351,0x202565,0x2025CC,
    0x202680,0x20283E,0x202BC1,0x202D07,0x202DF6,0x20326C,0x2032C6,0x203389,
    0x203462,0x2034FB,0x203626,0x203706,0x2037A5,0x203A07,0x203A43,0x203B34,
    0x203B67,0x203CAE,0x203D66,0x203DB2,0x203DBD,0x2043A8,0x20463A,0x2047DA,
    0x204C03,0x204C9E,0x204E7F,0x20500D,0x20521D,0x205383,0x205476,0x2054FA,
    0x205531,0x205869,0x205E64,0x205EF7,0x206432,0x20658E,0x20677C,0x206980,
    0x206BE7,0x206BF4,0x206E9C,0x206EF1,0x2072A9,0x207355,0x20768F,0x2078CD,
    0x2078F0,0x207918,0x207D74,0x2082C0,0x20845F,0x2087EC,0x208C0A,0x208C86,
    0x2091DF,0x209952,0x209BA9,0x209BCD,0x209BDD,0x209CB4,0x20A171,0x20A200,
    0x20A2E4,0x20A5CB,0x20A60C,0x20A680,0x20A6CD,0x20A766,0x20A8BF,0x20AA4B,
    0x20AB37,0x20AB48,0x20AEB6,0x20BBC0,0x20BD1D,0x20BEB8,0x20C19B,0x20C2B0,
    0x20C9D0,0x20CC27,0x20CC73,0x20CF30,0x20CFAE,0x20D390,0x20D476,0x20D5BF,
    0x20D5C2,0x20DA22,0x20DBAB,0x20DBEA,0x20DCE6,0x20DCFD,0x20DF73,0x20DFB9,
    0x20E15D,0x20E2A8,0x20E525,0x20E52A,0x20E564,0x20E7C8,0x20E874,0x20EE28,
    0x20EFBD,0x20F094,0x20F120,0x20F17C,0x20F19E,0x20F1B2,0x20F375,0x20F3A3,
    0x20F478,0x20F4D4,0x20FA85,0x20FE00,0x20FF0C,0x2400BA,0x24016F,0x2401C7,
    0x240588,0x240935,0x240995,0x240A3F,0x240A63,0x240AC4,0x241145,0x241153,
    0x241551,0x24161B,0x24166D,0x24169D,0x24181D,0x241AE6,0x241B7A,0x241EEB,
    0x241FA0,0x2421AB,0x24240E,0x2424B7,0x2426D6,0x2427E5,0x242934,0x2429B0,
    0x242A04,0x242AEA,0x242E02,0x242FD0,0x2430F8,0x243154,0x2436DA,0x243FAA,
    0x24418C,0x244427,0x24456B,0x2446E4,0x244885,0x244B03,0x244B81,0x244BF1,
    0x244BFE,0x244C07,0x244CAB,0x244CE3,0x24559A,0x24587C,0x245A4C,0x245A5F,
    0x245AB5,0x245BA7,0x245CC5,0x245E48,0x245F9F,0x246078,0x2460B3,0x2462AB,
    0x2462C6,0x2462CE,0x246477,0x24649F,0x246800,0x2468B0,0x246968,0x2469A5,
    0x246C60,0x246C84,0x246D10,0x246F28,0x246F8C,0x247121,0x247645,0x247703,
    0x247755,0x24792A,0x247E12,0x247F3C,0x24813B,0x2481C7,0x2491BB,0x24920E,
    0x2494CB,0x24952F,0x249745,0x249EAB,0x24A074,0x24A160,0x24A186,0x24A2E1,
    0x24A43C,0x24A452,0x24A487,0x24A52C,0x24A799,0x24AB81,0x24B2DE,0x24B339,
    0x24B657,0x24BA23,0x24BCF8,0x24BE05,0x24C613,0x24C696,0x24C9A1,0x24CE33,
    0x24CF24,0x24D0DF,0x24D337,0x24D5E4,0x24D79C,0x24D7EB,0x24DA33,0x24DBAC,
    0x24DBED,0x24DCC3,0x24DEC6,0x24DEEB,0x24DF6A,0x24DFA7,0x24E29D,0x24E314,
    0x24E50F,0x24E853,0x24E9B3,0x24E9CA,0x24EA9B,0x24EB16,0x24EBED,0x24EC4A,
    0x24EE9A,0x24F094,0x24F0D3,0x24F27F,0x24F40A,0x24F5A2,0x24F5AA,0x24F603,
    0x24F677,0x24FB65,0x24FCE5,0x28022E,0x280244,0x2802D8,0x2805A5,0x280708,
    0x280B5C,0x280C50,0x280DFC,0x280FEB,0x28107B,0x2811A8,0x2811EC,0x28167F,
    0x2816AD,0x281709,0x281DFB,0x28221E,0x2824C9,0x2827BF,0x28285D,0x282B96,
    0x282CB2,0x282CC4,0x282D7F,0x283152,0x2831F8,0x283334,0x2834A2,0x2834FF,
    0x28353A,0x2836F0,0x28372F,0x283737,0x28395E,0x283B82,0x283CE4,0x283DC2,
    0x283F69,0x2840DD,0x2841C6,0x2841EC,0x2845AC,0x2848E7,0x2849E9,0x284B54,
    0x284E44,0x285261,0x28534E,0x285471,0x28562F,0x28575D,0x285923,0x285AEB,
    0x285FDB,0x2864B0,0x2868D2,0x286AB8,0x286ABA,0x286B35,0x286B5C,0x286C07,
    0x286ED4,0x286F7F,0x28704E,0x2872C6,0x2873F6,0x2877F1,0x287AB4,0x287AEE,
    0x287FCF,0x288023,0x288088,0x28808A,0x288335,0x2883C9,0x288485,0x288761,
    0x2887BA,0x288EEC,0x288FF6,0x289104,0x289200,0x28924A,0x2893FE,0x289401,
    0x28940F,0x289529,0x2896B0,0x28987B,0x289E97,0x289F04,0x28A02B,0x28A06B,
    0x28A44A,0x28A6DB,0x28A9AE,0x28AC9E,0x28AF42,0x28AFFD,0x28B2BD,0x28B371,
    0x28B448,0x28B591,0x28BAB5,0x28BD89,0x28C039,0x28C1A0,0x28C21F,0x28C538,
    0x28C5D2,0x28C63F,0x28C68E,0x28C709,0x28C7CE,0x28C87A,0x28CC01,0x28CF51,
    0x28CFDA,0x28CFE9,0x28D0EA,0x28D127,0x28D3EA,0x28D5B1,0x28D6EC,0x28DCC3,
    0x28DE1C,0x28DE65,0x28DEE5,0x28DFEB,0x28E02C,0x28E14C,0x28E31F,0x28E34E,
    0x28E5B0,0x28E6A9,0x28E7CF,0x28EA2D,0x28EC95,0x28ED6A,0x28EE52,0x28EF01,
    0x28F033,0x28F076,0x28F5D1,0x28FBAE,0x28FF3C,0x2C00AB,0x2C01B5,0x2C0786,
    0x2C08B4,0x2C0B97,0x2C0BAB,0x2C0BE9,0x2C0D27,0x2C0DA7,0x2C0DCF,0x2C0E3D,
    0x2C10C1,0x2C15BF,0x2C15D9,0x2C1809,0x2C195C,0x2C1A01,0x2C1A05,0x2C1CF7,
    0x2C1DB8,0x2C1F23,0x2C200B,0x2C2080,0x2C233A,0x2C2768,0x2C27D7,0x2C2BF9,
    0x2C3033,0x2C3124,0x2C326A,0x2C3311,0x2C3358,0x2C3361,0x2C36F2,0x2C36F8,
    0x2C3A91,0x2C3AB1,0x2C3AE8,0x2C3ECF,0x2C3F0B,0x2C3F38,0x2C4053,0x2C4138,
    0x2C4401,0x2C44FD,0x2C4D54,0x2C4F52,0x2C52AF,0x2C542D,0x2C54CF,0x2C55D3,
    0x2C56DC,0x2C5741,0x2C57CE,0x2C584F,0x2C58E8,0x2C598A,0x2C59E5,0x2C5A0F,
    0x2C5D93,0x2C61F6,0x2C63A1,0x2C658D,0x2C693E,0x2C6DC1,0x2C6E85,0x2C71FF,
    0x2C73A0,0x2C7600,0x2C768A,0x2C780E,0x2C79BE,0x2C7BA0,0x2C7CF2,0x2C7E81,
    0x2C81BF,0x2C8217,0x2C86D2,0x2C8DB1,0x2C9452,0x2C9520,0x2C9569,0x2C97B1,
    0x2C97ED,0x2C9924,0x2C9975,0x2C9D1E,0x2C9E00,0x2C9E5F,0x2CA042,0x2CA17D,
    0x2CA2E5,0x2CA797,0x2CA79E,0x2CAB00,0x2CAB46,0x2CABEB,0x2CAE2B,0x2CB05D,
    0x2CB43A,0x2CB471,0x2CB68F,0x2CB7A1,0x2CBABA,0x2CBC87,0x2CBCBB,0x2CBE08,
    0x2CC253,0x2CC546,0x2CC5D3,0x2CC81B,0x2CC8F5,0x2CCA16,0x2CCC44,0x2CCF58,
    0x2CD02D,0x2CD066,0x2CDA46,0x2CDB07,0x2CDF68,0x2CE2D9,0x2CE38E,0x2CE5BD,
    0x2CE6CC,0x2CEAFC,0x2CECA6,0x2CED89,0x2CEDB0,0x2CF0A2,0x2CF0EE,0x2CF295,
    0x2CF432,0x2CF814,0x2CF89B,0x2CFDA1,0x2CFE4F,0x3001AF,0x300505,0x30074D,
    0x300916,0x300E43,0x300EB8,0x3010E4,0x301577,0x3017C8,0x301966,0x301984,
    0x301C22,0x302303,0x302432,0x30294B,0x3030F9,0x3034DB,0x3035AD,0x3035C5,
    0x3037A6,0x3037B3,0x303926,0x303A64,0x303B49,0x303B7C,0x303EA7,0x303FBB,
    0x304596,0x30469A,0x30487D,0x30499E,0x304D1F,0x304E1B,0x3050CE,0x305714,
    0x305A3A,0x306023,0x3061A2,0x306222,0x30636B,0x3066D0,0x306893,0x306A4F,
    0x306A85,0x307467,0x307496,0x307512,0x30766F,0x3076F5,0x307A05,0x307AD2,
    0x307C4A,0x308216,0x308398,0x3085A9,0x308730,0x3087D9,0x30894A,0x3089A6,
    0x3089D3,0x3089EC,0x308AF7,0x308BB2,0x308D99,0x308DD4,0x308ECF,0x309048,
    0x3090AB,0x309610,0x30963B,0x3096FB,0x309E62,0x30A033,0x30A1FA,0x30A2C2,
    0x30A30F,0x30A7F5,0x30A8DB,0x30A998,0x30A9DE,0x30AAE4,0x30AB6A,0x30AEA4,
    0x30B49E,0x30B4B8,0x30B5C2,0x30BD13,0x30C0AE,0x30C50F,0x30C599,0x30C6F7,
    0x30C7AE,0x30C922,0x30C9CC,0x30CBF8,0x30CDA7,0x30D17E,0x30D4E2,0x30D53E,
    0x30D587,0x30D6C9,0x30D7A1,0x30D875,0x30D9D9,0x30DE4B,0x30DE52,0x30E044,
    0x30E04F,0x30E171,0x30E226,0x30E37A,0x30E396,0x30E3A4,0x30E4D8,0x30E4DB,
    0x30E98E,0x30EB15,0x30EDA0,0x30F335,0x30F65D,0x30F6EF,0x30F70D,0x30F7C5,
    0x30F9ED,0x30FBB8,0x30FC68,0x30FCEB,0x30FD38,0x30FD65,0x30FE6C,0x30FEFA,
    0x30FFFD,0x3400A3,0x340286,0x34029C,0x340804,0x3408BC,0x340A33,0x340A98,
    0x340E22,0x3410BE,0x3410D0,0x341298,0x3412F9,0x3413E8,0x34145F,0x341593,
    0x34159E,0x341B2D,0x341CF0,0x341E6B,0x341FE4,0x3420E3,0x3423BA,0x3425BE,
    0x342601,0x342840,0x342912,0x342B6E,0x342B70,0x342D0D,0x342EB6,0x342EB7,
    0x342FBD,0x343111,0x34318F,0x343638,0x34363B,0x343916,0x343A20,0x343DA9,
    0x34415D,0x344262,0x3446EC,0x344DF7,0x344EE2,0x345184,0x3451C9,0x3454EF,
    0x3456FE,0x345840,0x34588A,0x345DA8,0x345E08,0x345F45,0x3460F9,0x346288,
    0x3464A9,0x346679,0x346691,0x346AC2,0x346BD3,0x346E68,0x346F90,0x347069,
    0x347146,0x34732D,0x347916,0x347A60,0x347C25,0x347DF6,0x347E00,0x347E5C,
    0x3480B3,0x348296,0x3482C5,0x3483D5,0x348518,0x34865D,0x348818,0x348A12,
    0x348A3B,0x348A7B,0x348C5E,0x348E89,0x348F27,0x349454,0x349671,0x349672,
    0x3497F6,0x34987A,0x3498B5,0x34A137,0x34A2A2,0x34A395,0x34A84E,0x34A8A0,
    0x34A8EB,0x34AA8B,0x34AB37,0x34AB95,0x34AF2C,0x34AFB3,0x34B1EB,0x34B20A,
    0x34B354,0x34B472,0x34B7DA,0x34B883,0x34B98D,0x34BDC8,0x34BE00,0x34C059,
    0x34C232,0x34C386,0x34C3AC,0x34C3FD,0x34C515,0x34C7E9,0x34C93D,0x34CDB0,
    0x34CDBE,0x34CE00,0x34CFF6,0x34D270,0x34D693,0x34DAA1,0x34DBFD,0x34DDCC,
    0x34DE1A,0x34E12D,0x34E2FD,0x34E3FB,0x34E6AD,0x34E6E6,0x34E894,0x34ED1B,
    0x34EE16,0x34EFD7,0x34F015,0x34F043,0x34F084,0x34F39A,0x34F5D7,0x34F64B,
    0x34F68D,0x34F716,0x34F8DD,0x34F8E7,0x34FA1C,0x34FA9F,0x34FCB9,0x34FCEF,
    0x34FD6A,0x34FD70,0x34FE77,0x34FFF3,0x380025,0x380195,0x380484,0x3809FB,
    0x380A94,0x380B40,0x380E4D,0x380F4A,0x380FAD,0x3810F0,0x3814A1,0x3816D1,
    0x3817C3,0x38182B,0x38184C,0x381868,0x381C1A,0x381F8D,0x382028,0x382056,
    0x3821C7,0x3822F4,0x382C4A,0x382CE5,0x382DD1,0x382DE8,0x3830F9,0x38327A,
    0x38378B,0x38396C,0x383E51,0x383FE8,0x38420B,0x3844BE,0x38453B,0x3847BC,
    0x38484C,0x384A80,0x384C4F,0x384C90,0x384DD2,0x385247,0x38539C,0x386233,
    0x3863BB,0x3865B2,0x3866F0,0x386893,0x3868A4,0x386A77,0x386BBB,0x386EB2,
    0x386FF4,0x38700C,0x387035,0x3870F2,0x3871DE,0x38736E,0x387862,0x387A0E,
    0x387F8B,0x388345,0x388479,0x3886F7,0x3887D5,0x38881E,0x3888A4,0x38892C,
    0x388A06,0x388B59,0x388C50,0x388CEF,0x388F30,0x389052,0x3890A5,0x3891B7,
    0x389496,0x3894ED,0x3898E9,0x389AF6,0x389CB2,0x389E4C,0x38A44B,0x38A4ED,
    0x38A5C9,0x38AA09,0x38AA3C,0x38B3F7,0x38B54D,0x38BAF8,0x38BC01,0x38BD7A,
    0x38C0EA,0x38C1ED,0x38C43A,0x38C6BD,0x38C6CE,0x38C986,0x38CADA,0x38D09C,
    0x38D40B,0x38D547,0x38DEAD,0x38E13D,0x38E60A,0x38EAA7,0x38EB47,0x38EC0D,
    0x38ECE4,0x38ED18,0x38F195,0x38F73D,0x38F7F1,0x38F889,0x38F9D3,0x38FB14,
    0x38FC34,0x38FC98,0x38FDF8,0x38FF36,0x3C01EF,0x3C0461,0x3C0518,0x3C058E,
    0x3C0630,0x3C06A7,0x3C0754,0x3C0771,0x3C07D7,0x3C08F6,0x3C0A7A,0x3C0B59,
    0x3C0D0D,0x3C0E23,0x3C0F02,0x3C135A,0x3C13BB,0x3C13CC,0x3C15C2,0x3C15FB,
    0x3C195E,0x3C1E04,0x3C1EB5,0x3C20F6,0x3C219C,0x3C22FB,0x3C240A,0x3C26E4,
    0x3C286D,0x3C2983,0x3C2CA6,0x3C2CCD,0x3C2EF9,0x3C2EFF,0x3C306F,0x3C3174,
    0x3C318A,0x3C3332,0x3C3464,0x3C366A,0x3C36E4,0x3C3786,0x3C381F,0x3C3824,
    0x3C38F4,0x3C39C8,0x3C3B77,0x3C410E,0x3C438E,0x3C46A1,0x3C46D8,0x3C4711,
    0x3C4A92,0x3C4AC9,0x3C4DBE,0x3C5002,0x3C510E,0x3C5282,0x3C52A1,0x3C5447,
    0x3C5731,0x3C576C,0x3C58C2,0x3C59C0,0x3C5A37,0x3C5AB4,0x3C5CC4,0x3C5EC3,
    0x3C6105,0x3C6200,0x3C64CF,0x3C65D1,0x3C678C,0x3C6A48,0x3C6AA7,0x3C6AD2,
    0x3C6D89,0x3C71BF,0x3C754A,0x3C7787,0x3C7843,0x3C7895,0x3C7A8A,0x3C7C3F,
    0x3C7D0A,0x3C7F6E,0x3C8427,0x3C846A,0x3C869A,0x3C8A1F,0x3C8B7F,0x3C8BFE,
    0x3C8D20,0x3C90E0,0x3C93F4,0x3C9BC6,0x3C9C0F,0x3C9D56,0x3CA10D,0x3CA161,
    0x3CA37E,0x3CA6F6,0x3CA82A,0x3CA916,0x3CA9AB,0x3CA9F4,0x3CAB8E,0x3CAFB7,
    0x3CB233,0x3CB922,0x3CBBFD,0x3CBD3E,0x3CBDD8,0x3CBF60,0x3CBFD7,0x3CC03E,
    0x3CC5C7,0x3CCD36,0x3CCD40,0x3CCD57,0x3CCD5D,0x3CCD93,0x3CCE73,0x3CD0F8,
    0x3CD92B,0x3CDC75,0x3CDCBC,0x3CDD57,0x3CDF1E,0x3CDFA9,0x3CDFBD,0x3CE072,
    0x3CE441,0x3CE824,0x3CE86E,0x3CE90E,0x3CE9F7,0x3CF011,0x3CF692,0x3CF75D,
    0x3CF7A4,0x3CF808,0x3CF862,0x3CFA43,0x3CFA80,0x3CFB02,0x3CFDFE,0x3CFEAC,
    0x3CFFD8,0x40017A,0x400634,0x4006D5,0x400877,0x400D10,0x400E85,0x400EB9,
    0x4011C3,0x401482,0x4014AD,0x40163B,0x40167E,0x40169F,0x401C83,0x401CD4,
    0x4022D8,0x4024D2,0x4025C2,0x402619,0x402641,0x4027A8,0x402B50,0x402BA1,
    0x402BD6,0x402F86,0x403004,0x40313C,0x40331A,0x4035E6,0x403B7B,0x403CFC,
    0x403F8C,0x4040A7,0x40410D,0x404244,0x4044CE,0x4044F7,0x4045C4,0x404A03,
    0x404C77,0x404CCA,0x404D7F,0x404D8E,0x404F42,0x40538C,0x405539,0x405D82,
    0x405EF6,0x406768,0x406792,0x406C8F,0x406F27,0x407009,0x4070F5,0x4074E0,
    0x4076A9,0x407911,0x407D0F,0x40831D,0x4086CB,0x4089C2,0x4089C6,0x408EDF,
    0x409151,0x40921A,0x409595,0x4098AD,0x409BCD,0x409C28,0x40A2DB,0x40A3CC,
    0x40A44A,0x40A654,0x40A6B7,0x40A6D9,0x40A6E8,0x40A8F0,0x40A9CF,0x40AE30,
    0x40B034,0x40B076,0x40B0FA,0x40B15C,0x40B395,0x40B3FA,0x40B4CD,0x40B5C1,
    0x40B6E7,0x40B70E,0x40B7F3,0x40B82D,0x40B837,0x40B93C,0x40BC60,0x40C3BC,
    0x40C711,0x40C73C,0x40CBA8,0x40CBC0,0x40CE24,0x40D133,0x40D160,0x40D28A,
    0x40D32D,0x40D3AE,0x40D521,0x40DA5C,0x40DCA5,0x40DE24,0x40E3D6,0x40E64B,
    0x40E99B,0x40EB21,0x40EC99,0x40ECBD,0x40ED00,0x40EDCF,0x40EE6D,0x40EEDD,
    0x40F078,0x40F407,0x40F49F,0x40F4EC,0x40F520,0x40F6BC,0x40F946,0x40FC89,
    0x440010,0x440049,0x44004D,0x44032C,0x4403A7,0x4405B8,0x44070B,0x4409C6,
    0x4409DA,0x440C4B,0x441030,0x441244,0x4416FA,0x441793,0x4418FD,0x441A5C,
    0x441B88,0x441BF6,0x441D64,0x441E98,0x441EA1,0x44227C,0x44237C,0x4425F4,
    0x44272E,0x442745,0x442A60,0x442B03,0x44303F,0x443192,0x44321D,0x4434A7,
    0x443583,0x4438E8,0x443D54,0x444201,0x4448C1,0x444988,0x444A37,0x444ADB,
    0x444C0C,0x444E1A,0x44552B,0x4455B1,0x4455C4,0x44579F,0x4459E3,0x445BED,
    0x445CE9,0x445E82,0x4463B6,0x4463C2,0x44643C,0x44650D,0x446690,0x446747,
    0x446A2E,0x446AB7,0x446D6C,0x446D7F,0x446EE5,0x447147,0x44746C,0x447654,
    0x447831,0x44783E,0x447B30,0x447B45,0x4482E5,0x448500,0x448816,0x448DD5,
    0x448F17,0x4490BB,0x4494FC,0x449BC1,0x449E8B,0x449F46,0x44A038,0x44A10E,
    0x44A191,0x44A3BB,0x44A56E,0x44A7F4,0x44A8FC,0x44AAF5,0x44ADD9,0x44AE25,
    0x44AE44,0x44AF28,0x44B176,0x44B32D,0x44B3C5,0x44B4B2,0x44B6BE,0x44BB3B,
    0x44BD8D,0x44BDC8,0x44BE0B,0x44C20C,0x44C346,0x44C3B6,0x44C532,0x44C63C,
    0x44C65D,0x44C7FC,0x44CB8B,0x44CBAD,0x44D3CA,0x44D4E0,0x44D5CC,0x44D791,
    0x44D884,0x44D9E7,0x44DA30,0x44DBBE,0x44DF65,0x44E137,0x44E213,0x44E4D9,
    0x44E517,0x44E59B,0x44E66E,0x44E853,0x44E968,0x44EA30,0x44F09E,0x44F21B,
    0x44F459,0x44F770,0x44FB42,0x480020,0x480031,0x4800B3,0x480234,0x4805E2,
    0x480A28,0x480EEC,0x480FCF,0x481258,0x48128F,0x48137E,0x481BA4,0x482254,
    0x4825F3,0x48262C,0x4827C5,0x4827E2,0x4827EA,0x482CA0,0x482CD0,0x482E72,
    0x482F6B,0x482FD7,0x483177,0x4831B7,0x4831DB,0x48352B,0x483584,0x4835AB,
    0x483871,0x483A02,0x483B38,0x483C0C,0x483F72,0x483FDA,0x483FE9,0x4840D5,
    0x48435A,0x48437C,0x4843DD,0x4844F7,0x484520,0x4846FB,0x48474B,0x484982,
    0x484996,0x4849C7,0x484AE9,0x484BAA,0x484C29,0x484C86,0x484EFC,0x485169,
    0x4851B7,0x4851C5,0x485519,0x485702,0x485929,0x485B39,0x485F08,0x485F2D,
    0x48605F,0x4860BC,0x4861EE,0x486276,0x486345,0x48684A,0x48706F,0x4870D4,
    0x487410,0x48746E,0x48785E,0x48794D,0x487B6B,0x487D2E,0x488002,0x4882DF,
    0x488759,0x4889E7,0x488B0A,0x488C63,0x488EEF,0x488F5A,0x48902F,0x4891D5,
    0x489A58,0x489D31,0x489DD1,0x489ECB,0x48A170,0x48A195,0x48A472,0x48A516,
    0x48A5E7,0x48A6B8,0x48A91C,0x48A98A,0x48AD08,0x48AD9A,0x48AFF3,0x48B25D,
    0x48B423,0x48B4C3,0x48B8A3,0x48BA4E,0x48BCE1,0x48BD4A,0x48BF6B,0x48C381,
    0x48C796,0x48CA43,0x48CA68,0x48CDD3,0x48CFA9,0x48D343,0x48D539,0x48D6D5,
    0x48D705,0x48DB50,0x48DC2D,0x48DF37,0x48E150,0x48E15C,0x48E1CA,0x48E729,
    0x48E9F1,0x48EDE6,0x48EE0C,0x48EF1C,0x48EF61,0x48F17F,0x48F1EB,0x48F6EE,
    0x48F7BC,0x48F8B3,0x48F8DB,0x48FC07,0x48FD8E,0x48FDA3,0x4C0082,0x4C01F7,
    0x4C0220,0x4C034F,0x4C0F3E,0x4C10D5,0x4C11AE,0x4C1265,0x4C1744,0x4C1D96,
    0x4C1FCC,0x4C20B8,0x4C21D0,0x4C2B3B,0x4C2E5E,0x4C2EB4,0x4C2FD7,0x4C306A,
    0x4C3275,0x4C3488,0x4C38D8,0x4C3946,0x4C3C16,0x4C3CE2,0x4C421E,0x4C445B,
    0x4C496C,0x4C49E3,0x4C4E35,0x4C5077,0x4C53FD,0x4C5499,0x4C55B2,0x4C569D,
    0x4C5739,0x4C57CA,0x4C5D3C,0x4C5D6A,0x4C5E0C,0x4C5F70,0x4C60AD,0x4C60DE,
    0x4C617E,0x4C631B,0x4C6371,0x4C63AD,0x4C6641,0x4C66A6,0x4C6BE8,0x4C710C,
    0x4C710D,0x4C74BF,0x4C7525,0x4C776D,0x4C77CB,0x4C796E,0x4C7975,0x4C79BA,
    0x4C7A88,0x4C7C5F,0x4C7CD9,0x4C8093,0x4C80FB,0x4C820C,0x4C8421,0x4C889E,
    0x4C8BEF,0x4C8D53,0x4C8D79,0x4C8E19,0x4C97CC,0x4C9B63,0x4C9EFF,0x4C9FF1,
    0x4CA56D,0x4CA64D,0x4CA919,0x4CA954,0x4CAB4F,0x4CAD35,0x4CAE13,0x4CAEA3,
    0x4CB04A,0x4CB087,0x4CB16C,0x4CB199,0x4CB1CD,0x4CB910,0x4CBAD7,0x4CBC48,
    0x4CBCA5,0x4CBCE9,0x4CC382,0x4CC53E,0x4CC64C,0x4CC8A1,0x4CC95E,0x4CCA95,
    0x4CCBEA,0x4CCDB6,0x4CD012,0x4CD0CB,0x4CD0DD,0x4CD0F9,0x4CD1A1,0x4CD546,
    0x4CD587,0x4CD629,0x4CDD31,0x4CDE48,0x4CE0DB,0x4CE175,0x4CE176,0x4CE20F,
    0x4CE650,0x4CE65E,0x4CE6C0,0x4CEB42,0x4CEBB0,0x4CEBD6,0x4CEC0F,0x4CECEE,
    0x4CEDFB,0x4CEFC0,0x4CF202,0x4CF475,0x4CF55B,0x4CF95D,0x4CFB45,0x5000E0,
    0x50016B,0x5001BB,0x5001D9,0x500291,0x5004B8,0x500604,0x5006AB,0x5006F5,
    0x5007C3,0x500B23,0x500B26,0x500F80,0x50125C,0x5014C1,0x5017FF,0x501CB0,
    0x501CBF,0x501D93,0x501FC6,0x5021EC,0x50236D,0x5023A2,0x50284A,0x502873,
    0x502DA2,0x502F9B,0x502FA8,0x503237,0x503275,0x503B70,0x503DA1,0x503DC6,
    0x503DD1,0x503DE5,0x503EAA,0x503F50,0x504172,0x50464A,0x50465D,0x504921,
    0x5049B0,0x504A6E,0x504B9E,0x504F3B,0x5050A4,0x505527,0x5056BF,0x50578A,
    0x5057A8,0x50586F,0x505C88,0x505DAC,0x5061BF,0x506382,0x506391,0x50642B,
    0x5065F3,0x5066E5,0x5067AE,0x5067F0,0x50680A,0x5068AC,0x506A03,0x506F77,
    0x507164,0x5075F1,0x5076AF,0x507705,0x50787D,0x5078B0,0x507A55,0x507AC5,
    0x507C6F,0x508114,0x5082D5,0x508492,0x508569,0x508789,0x508811,0x5089D1,
    0x508A06,0x508A7F,0x508BB9,0x508D62,0x508D9E,0x508E49,0x508F4C,0x5091E3,
    0x50926A,0x5092B9,0x5093CE,0x509546,0x509551,0x509839,0x50995A,0x509A88,
    0x509EA7,0x509F27,0x50A009,0x50A1F3,0x50A4C8,0x50A5DC,0x50A67F,0x50A6D8,
    0x50A72B,0x50A733,0x50ACB9,0x50B03B,0x50B127,0x50B7C3,0x50BA84,0x50BC96,
    0x50BD5F,0x50C7BF,0x50C8E5,0x50CCF8,0x50D2F5,0x50D45C,0x50D4F7,0x50DAD6,
    0x50DCE7,0x50DDAB,0x50DE06,0x50E039,0x50E085,0x50E4E0,0x50EAD6,0x50EB71,
    0x50EBF6,0x50EC50,0x50ED3C,0x50F0D3,0x50F265,0x50F351,0x50F4EB,0x50F520,
    0x50F5DA,0x50F722,0x50F7ED,0x50F958,0x50FA84,0x50FC9F,0x50FE39,0x540295,
    0x5404A6,0x540764,0x54077D,0x540910,0x540DF9,0x54102E,0x54104F,0x5412CB,
    0x541310,0x5414F3,0x5416A5,0x54211D,0x54219D,0x542259,0x542369,0x5425EA,
    0x542618,0x54263D,0x542696,0x542906,0x542A1B,0x542A43,0x542B1C,0x542B8D,
    0x542F2B,0x543204,0x5432C7,0x5433CB,0x5434EF,0x543631,0x5439DF,0x543AD6,
    0x543D37,0x5440AD,0x544249,0x5443B2,0x54443B,0x5444A3,0x5448E6,0x544A00,
    0x544E90,0x544EF0,0x54511B,0x5451DE,0x545284,0x5453ED,0x5455D5,0x545618,
    0x545925,0x545AA6,0x546009,0x54606D,0x5462E2,0x5465DE,0x546749,0x546990,
    0x546CEB,0x5471DD,0x54724F,0x54735A,0x547595,0x5475D0,0x54778A,0x54781A,
    0x547C69,0x547FEE,0x548028,0x54833A,0x5486BC,0x54880E,0x5488DE,0x548998,
    0x548ABA,0x548D5A,0x549209,0x5492BE,0x549963,0x549B12,0x549DEA,0x549F13,
    0x549FC6,0x54A050,0x54A274,0x54A51B,0x54A637,0x54A6DB,0x54A703,0x54AE27,
    0x54AF97,0x54B121,0x54B802,0x54B80A,0x54B8DB,0x54BAD6,0x54BD79,0x54C480,
    0x54C80F,0x54CF8D,0x54D17D,0x54D299,0x54D7E3,0x54D9C6,0x54DD21,0x54DD4F,
    0x54E15B,0x54E2E0,0x54E43A,0x54E4ED,0x54E61B,0x54E6FC,0x54E6FD,0x54EAA8,
    0x54EBE9,0x54EC2F,0x54EF43,0x54F0B1,0x54F201,0x54F294,0x54F607,0x54F6E2,
    0x54FA3E,0x54FCF0,0x58044F,0x580987,0x580A20,0x580AD4,0x580FA5,0x581122,
    0x58170C,0x581862,0x5819F8,0x581CF8,0x581F28,0x581FAA,0x582059,0x582071,
    0x5820B1,0x582429,0x582575,0x582A93,0x582ABD,0x582AF7,0x582BD3,0x582F40,
    0x58355D,0x5835D9,0x583653,0x583F54,0x58404E,0x584120,0x584498,0x584822,
    0x5851A3,0x585595,0x5855CA,0x58569F,0x5856AA,0x5856C2,0x5856E8,0x58605F,
    0x5860D8,0x5864C4,0x58666D,0x586B14,0x586C25,0x586D0C,0x586D67,0x586D8F,
    0x5873D1,0x5873D8,0x5879E0,0x587F57,0x587F66,0x588336,0x58879F,0x588B1C,
    0x588BF3,0x588C81,0x588D09,0x588FA7,0x5891CF,0x589351,0x589396,0x5893E8,
    0x58946B,0x5894AE,0x58957E,0x58960A,0x58961D,0x58971E,0x5897BD,0x589A3E,
    0x58A023,0x58A2B5,0x58A639,0x58A839,0x58A8E8,0x58ABFB,0x58AC78,0x58AD12,
    0x58AE2B,0x58AEA8,0x58B035,0x58B03E,0x58B10F,0x58B18F,0x58B623,0x58B633,
    0x58B965,0x58BAD4,0x58BC27,0x58BDA3,0x58BE72,0x58BF25,0x58BFEA,0x58C38B,
    0x58C5CB,0x58CB52,0x58CE2A,0x58CF79,0x58D061,0x58D349,0x58D56E,0x58D61F,
    0x58D759,0x58D812,0x58DF59,0x58E28F,0x58E488,0x58E6BA,0x58E6C5,0x58EA1F,
    0x58EF68,0x58F2FC,0x58F39C,0x58F8D7,0x58F987,0x58FB3E,0x58FB84,0x58FB96,
    0x58FDB1,0x5C013B,0x5C0214,0x5C0339,0x5C0610,0x5C07A6,0x5C0947,0x5C0979,
    0x5C0A5B,0x5C0B3B,0x5C0CE6,0x5C10C5,0x5C13AC,0x5C13CC,0x5C167D,0x5C1720,
    0x5C1BF4,0x5C1DD9,0x5C23C2,0x5C2E59,0x5C3192,0x5C337B,0x5C3C27,0x5C3E06,
    0x5C3E1B,0x5C4071,0x5C415A,0x5C4879,0x5C497D,0x5C4CA9,0x5C5015,0x5C50D9,
    0x5C5136,0x5C514F,0x5C5181,0x5C521E,0x5C5230,0x5C5284,0x5C546D,0x5C571A,
    0x5C5948,0x5C5AC7,0x5C5E0A,0x5C5EBB,0x5C5F67,0x5C6117,0x5C628B,0x5C63B0,
    0x5C63BF,0x5C647A,0x5C648E,0x5C64F1,0x5C6783,0x5C6A80,0x5C7017,0x5C7075,
    0x5C70A3,0x5C710D,0x5C78F8,0x5C7D5E,0x5C80B6,0x5C836C,0x5C838F,0x5C843C,
    0x5C8505,0x5C865C,0x5C8730,0x5C879C,0x5C899A,0x5C89BC,0x5C8A38,0x5C8B6B,
    0x5C8D4E,0x5C8FE0,0x5C9157,0x5C9175,0x5C95AE,0x5C9666,0x5C969D,0x5C97F3,
    0x5C9960,0x5C9977,0x5C9AA1,0x5C9BA6,0x5CA39D,0x5CA47D,0x5CA48A,0x5CA62D,
    0x5CA64F,0x5CA6E6,0x5CA86A,0x5CAAFD,0x5CAC3D,0x5CADBA,0x5CADCF,0x5CAF06,
    0x5CB00A,0x5CB066,0x5CB12E,0x5CB26D,0x5CB395,0x5CB43E,0x5CB47E,0x5CB524,
    0x5CB8B7,0x5CB901,0x5CBA2C,0x5CBD9A,0x5CC0A0,0x5CC1D7,0x5CC1F2,0x5CC307,
    0x5CC5D4,0x5CC787,0x5CCB99,0x5CCD5B,0x5CCF7F,0x5CD06E,0x5CD2E4,0x5CD33D,
    0x5CD89E,0x5CD998,0x5CDC49,0x5CDF89,0x5CE0C5,0x5CE176,0x5CE28C,0x5CE30E,
    0x5CE42A,0x5CE50C,0x5CE747,0x5CE883,0x5CE8EB,0x5CE91E,0x5CE931,0x5CED8C,
    0x5CEDF4,0x5CF4AB,0x5CF5DA,0x5CF6DC,0x5CF7E6,0x5CF938,0x5CF96A,0x5CFC66,
    0x600194,0x6001B1,0x600308,0x6006E3,0x600810,0x600F6B,0x60109E,0x60123C,
    0x60156F,0x60183A,0x601971,0x601AC7,0x601F56,0x602232,0x6025ED,0x6026AA,
    0x6026EF,0x60292B,0x602E20,0x602ED5,0x6030B3,0x6030D4,0x603197,0x6032B1,
    0x60334B,0x6036DD,0x6038E0,0x603A7C,0x603AAF,0x603CEE,0x603D29,0x603E5F,
    0x60452E,0x6045CB,0x604DE1,0x604F5B,0x605355,0x605375,0x6055F9,0x6056B1,
    0x605718,0x6057C8,0x605E4F,0x605FAA,0x60634C,0x606525,0x606720,0x60684E,
    0x606944,0x606BBD,0x606BFF,0x606C66,0x606EE8,0x60706C,0x6070C0,0x60735C,
    0x60756C,0x6077E2,0x6079C9,0x607EC9,0x607ECD,0x607FCB,0x608110,0x608246,
    0x608306,0x608334,0x608373,0x6083E7,0x608B0E,0x608C4A,0x608CE6,0x608E08,
    0x608F5C,0x609217,0x6092C8,0x6092F5,0x609316,0x609578,0x6095BD,0x6096A4,
    0x609AC1,0x609BB4,0x60A10A,0x60A2C6,0x60A37D,0x60A3E3,0x60A44C,0x60A4B7,
    0x60A4D0,0x60A5E2,0x60A6C5,0x60A751,0x60A954,0x60AAEF,0x60AB14,0x60AB67,
    0x60AF6D,0x60B0E8,0x60B4A2,0x60B76E,0x60B9C0,0x60BBEB,0x60BD83,0x60BEC4,
    0x60C547,0x60C5AD,0x60CA3A,0x60CE41,0x60CF84,0x60D02C,0x60D039,0x60D0A9,
    0x60D178,0x60D248,0x60D755,0x60D9C7,0x60DD70,0x60DD8E,0x60DE18,0x60DE44,
    0x60DE94,0x60DEF3,0x60E327,0x60E32B,0x60E3AC,0x60E701,0x60F18A,0x60F262,
    0x60F445,0x60F549,0x60F620,0x60F677,0x60F723,0x60F81D,0x60FA9D,0x60FACD,
    0x60FB42,0x60FDA6,0x60FEC5,0x60FF12,0x6400F1,0x6402CB,0x64037F,0x64078C,
    0x6407F6,0x640864,0x640980,0x640BD7,0x640C91,0x640D22,0x641225,0x641269,
    0x6413AB,0x64168D,0x6416F0,0x6417CD,0x641B2F,0x641CAE,0x641CB0,0x64200C,
    0x642315,0x642753,0x642943,0x6429FF,0x642CAC,0x642E41,0x642F1C,0x643135,
    0x643150,0x6432A8,0x643AEA,0x643E0A,0x643E8C,0x6441E6,0x644842,0x64497D,
    0x644A7D,0x644C36,0x645106,0x6451F4,0x6453E0,0x6455B1,0x645601,0x6456B5,
    0x6457BA,0x645A36,0x645AED,0x645D86,0x645DF4,0x645E10,0x646140,0x646306,
    0x64644A,0x6466B3,0x6466D8,0x6467CD,0x646CB2,0x646D2F,0x646D4E,0x646D6C,
    0x646E97,0x646EE0,0x647002,0x647033,0x6476BA,0x647791,0x647924,0x6479F0,
    0x647BCE,0x648099,0x64876C,0x648914,0x64899A,0x6489F1,0x648F3E,0x6490C1,
    0x64956C,0x649ABE,0x649D38,0x649E31,0x649EF3,0x64A0E7,0x64A198,0x64A200,
    0x64A28A,0x64A3CB,0x64A5C3,0x64A651,0x64A963,0x64ACE0,0x64AE0C,0x64B0A6,
    0x64B0E8,0x64B310,0x64B473,0x64B5C6,0x64B5F2,0x64B708,0x64B853,0x64B9E8,
    0x64BC0C,0x64BC43,0x64BC58,0x64BD6D,0x64BF6B,0x64C045,0x64C2DE,0x64C394,
    0x64C753,0x64C905,0x64C9F1,0x64CBE9,0x64CC2E,0x64CDC2,0x64D0D6,0x64D154,
    0x64D2C4,0x64D4DA,0x64D562,0x64D69A,0x64D7C0,0x64D814,0x64D989,0x64DD68,
    0x64DDE9,0x64DE6D,0x64E4A5,0x64E682,0x64E7D8,0x64E833,0x64E881,0x64E950,
    0x64ED57,0x64F69D,0x64F705,0x64F81C,0x680125,0x680489,0x680571,0x6805CA,
    0x680715,0x680927,0x680947,0x681324,0x6813F3,0x681729,0x681A47,0x681BEF,
    0x681C52,0x6822E5,0x6825DD,0x682737,0x68286C,0x6828CF,0x682C7B,0x682E3C,
    0x682F67,0x683036,0x683045,0x6833EE,0x683421,0x6837E9,0x683A1E,0x683B09,
    0x683B78,0x683E26,0x683EC0,0x684465,0x684571,0x6845CC,0x6847C5,0x684898,
    0x684983,0x684992,0x684A5F,0x684AAE,0x684AE9,0x684C25,0x684DB6,0x685134,
    0x68545A,0x6854FD,0x68572D,0x685ACF,0x685B35,0x685D43,0x685EDD,0x686372,
    0x68644B,0x686725,0x687161,0x687251,0x6872C3,0x68764F,0x687724,0x687909,
    0x687A64,0x687D6B,0x687DAC,0x687DB4,0x687F74,0x687FF0,0x6881E0,0x6883CB,
    0x6886A7,0x6887C6,0x6889C1,0x688F84,0x689234,0x68951B,0x68962E,0x68967B,
    0x6899CD,0x689A87,0x689B43,0x689C70,0x689CE2,0x689DD2,0x689E0B,0x689E6A,
    0x689FD4,0x68A03E,0x68A0F6,0x68A46A,0x68A593,0x68A729,0x68A828,0x68A86D,
    0x68AB1E,0x68ABBC,0x68AE20,0x68B599,0x68B5E3,0x68B691,0x68B6B3,0x68B8BB,
    0x68BC0C,0x68BDAB,0x68BFC4,0x68C44C,0x68C63A,0x68C6AC,0x68CAC4,0x68CAE4,
    0x68CC6E,0x68CCAE,0x68D79A,0x68D927,0x68D93C,0x68D972,0x68DBCA,0x68DBF5,
    0x68DDB7,0x68DFDD,0x68DFE4,0x68E209,0x68E580,0x68E59E,0x68E7C2,0x68EBAE,
    0x68ECC5,0x68EE8F,0x68EF43,0x68EFBD,0x68EFDC,0x68F543,0x68F63B,0x68F90F,
    0x68FB7E,0x68FCCA,0x68FDE8,0x68FE71,0x68FEF7,0x68FF7B,0x6C006B,0x6C028C,
    0x6C0309,0x6C03B5,0x6C047A,0x6C0699,0x6C06D6,0x6C0C9A,0x6C0DC4,0x6C0E0D,
    0x6C1270,0x6C13D5,0x6C146E,0x6C1632,0x6C198F,0x6C19C0,0x6C1A75,0x6C1D2C,
    0x6C1F8A,0x6C2056,0x6C23B9,0x6C2636,0x6C2995,0x6C29D2,0x6C2F2C,0x6C2F80,
    0x6C2F8A,0x6C310E,0x6C3491,0x6C3AFF,0x6C3B6B,0x6C3BE5,0x6C3DD8,0x6C3E6D,
    0x6C4008,0x6C410E,0x6C416A,0x6C41DE,0x6C442A,0x6C483F,0x6C4A85,0x6C4CBC,
    0x6C4CE2,0x6C4D73,0x6C4EF6,0x6C4F89,0x6C4FA1,0x6C504D,0x6C51BF,0x6C51E4,
    0x6C5563,0x6C558D,0x6C55B1,0x6C5697,0x6C5AB0,0x6C5E3B,0x6C60D0,0x6C639C,
    0x6C63F8,0x6C67EF,0x6C688A,0x6C6A77,0x6C6C0F,0x6C6CD3,0x6C709F,0x6C70CB,
    0x6C710D,0x6C71D2,0x6C7220,0x6C72E7,0x6C7637,0x6C77F0,0x6C7DB7,0x6C7E67,
    0x6C7F0C,0x6C7F49,0x6C8243,0x6C8336,0x6C8814,0x6C8BD3,0x6C8D77,0x6C8DC1,
    0x6C9466,0x6C94F8,0x6C96CF,0x6C9989,0x6C999D,0x6C9CED,0x6CA100,0x6CA604,
    0x6CAAB3,0x6CAB05,0x6CAB31,0x6CACC2,0x6CB0CE,0x6CB133,0x6CB158,0x6CB227,
    0x6CB2AE,0x6CB456,0x6CB4FD,0x6CB749,0x6CB7E2,0x6CB7F4,0x6CC1D2,0x6CC217,
    0x6CC26B,0x6CC3B2,0x6CC49F,0x6CC7EC,0x6CC840,0x6CCA08,0x6CCDD6,0x6CD032,
    0x6CD1E5,0x6CD63F,0x6CD68A,0x6CD6E3,0x6CD704,0x6CDD30,0x6CDDBC,0x6CDEA9,
    0x6CE210,0x6CE5C9,0x6CE85C,0x6CE873,0x6CE874,0x6CEBB6,0x6CEFBD,0x6CF373,
    0x6CF37F,0x6CF6DA,0x6CF784,0x6CFA89,0x6CFE54,0x7001B5,0x70039F,0x70041D,
    0x700514,0x700810,0x700971,0x700B4F,0x700F6A,0x70105C,0x70106F,0x701124,
    0x701384,0x7014A6,0x7015FB,0x7018A7,0x70192F,0x701AB8,0x701CE7,0x701F3C,
    0x701F53,0x70217F,0x7022FE,0x702605,0x70287D,0x70288B,0x702AD5,0x702C09,
    0x702F35,0x70317F,0x70320C,0x703217,0x703509,0x703A0E,0x703A51,0x703ACB,
    0x703C69,0x703EAC,0x7040FF,0x704698,0x704777,0x70480F,0x7048F7,0x7049A2,
    0x704BCA,0x704CA2,0x704CA5,0x704D7B,0x704E6B,0x704EE0,0x704F57,0x704FB8,
    0x705425,0x7054F5,0x705681,0x705A0F,0x705AAC,0x705FA3,0x70617B,0x7062B8,
    0x7062CB,0x70662A,0x7066B9,0x70695A,0x706BB9,0x706D15,0x706E10,0x706E6D,
    0x70700D,0x707013,0x70708B,0x7070AA,0x7070D5,0x70723C,0x7072FE,0x707362,
    0x7073CB,0x707630,0x707990,0x7079B3,0x707BE8,0x707CE3,0x707DB9,0x707E43,
    0x708105,0x7081EB,0x7085C6,0x708976,0x708A09,0x708BCD,0x708CB6,0x708CF2,
    0x7090B7,0x709684,0x709751,0x709AC4,0x709C45,0x709CD1,0x709E29,0x70A04B,
    0x70A2B3,0x70A6CC,0x70A741,0x70A8D3,0x70A8E3,0x70A983,0x70AE2A,0x70AED5,
    0x70AF09,0x70B13D,0x70B14E,0x70B258,0x70B306,0x70B317,0x70B51A,0x70B8F6,
    0x70BB5B,0x70BBE9,0x70BC48,0x70BD96,0x70C288,0x70C7F2,0x70C9C6,0x70CA97,
    0x70CA9B,0x70CD0D,0x70CD60,0x70CE8C,0x70CF49,0x70D313,0x70D379,0x70D823,
    0x70D8C2,0x70DA48,0x70DB98,0x70DDEF,0x70DEE2,0x70DF2F,0x70DFF7,0x70E422,
    0x70E72C,0x70E997,0x70EA1A,0x70EA5A,0x70EBA5,0x70ECE4,0x70EF00,0x70F087,
    0x70F088,0x70F096,0x70F35A,0x70F927,0x70F94A,0x70FD45,0x70FD46,0x7400E8,
    0x7404F1,0x7405A5,0x740AE1,0x740C2E,0x740CEE,0x740EA4,0x7411B2,0x741213,
    0x7413EA,0x7414D0,0x741575,0x7415F5,0x74190A,0x741BB2,0x741EB1,0x7422BB,
    0x742344,0x742435,0x7426AC,0x742869,0x742917,0x742959,0x743174,0x74317E,
    0x74342B,0x743822,0x743989,0x743AF4,0x743C24,0x743CDE,0x743E2B,0x743F8E,
    0x7440BE,0x744218,0x74428B,0x744401,0x74452D,0x74458A,0x7446A0,0x744D28,
    0x744D6D,0x744DBD,0x7450CD,0x7451BA,0x745612,0x7458F3,0x745909,0x745AAA,
    0x745F00,0x7460FA,0x7463C2,0x74650C,0x746DFA,0x747069,0x7470FD,0x74718B,
    0x7473B4,0x747446,0x747548,0x747786,0x7478A6,0x748114,0x7483C2,0x748469,
    0x74860B,0x74872E,0x74882A,0x7488BB,0x748927,0x748A0D,0x748B23,0x748D08,
    0x748DAA,0x748F3C,0x748FC2,0x74911A,0x749B89,0x749D8F,0x749E75,0x749EAF,
    0x749EF5,0x74A02F,0x74A063,0x74A2E6,0x74A528,0x74A6CD,0x74A722,0x74A7EA,
    0x74A981,0x74ACB9,0x74AD98,0x74B587,0x74B725,0x74B8A8,0x74BC6B,0x74C14F,
    0x74C17E,0x74C246,0x74CA60,0x74CC40,0x74D02B,0x74D21D,0x74D423,0x74D5E8,
    0x74D637,0x74D6E5,0x74D83E,0x74DA88,0x74DADA,0x74E1B6,0x74E20C,0x74E2E7,
    0x74E2F5,0x74E50B,0x74E5F9,0x74E6B8,0x74E7C6,0x74E987,0x74E9BF,0x74EA3A,
    0x74EAE8,0x74EB80,0x74ECB2,0x74F2FA,0x74F441,0x74F612,0x74F67A,0x74F90F,
    0x74F92C,0x74F9CA,0x74FA29,0x74FC77,0x74FECE,0x78009E,0x78028B,0x7802B1,
    0x7802F8,0x7804E3,0x7806C9,0x78078F,0x78084D,0x780CB8,0x780CF0,0x780E3E,
    0x780F81,0x78119D,0x7811DC,0x781699,0x7817BE,0x7818A8,0x7818EC,0x781A32,
    0x781C3C,0x781DBA,0x781FDB,0x782051,0x7820A5,0x782184,0x782327,0x7823AE,
    0x7824AF,0x7824BE,0x782599,0x7825AD,0x7828CA,0x782B46,0x782B60,0x782DAD,
    0x7831C1,0x78321B,0x7833C6,0x783409,0x7834B4,0x783716,0x783A84,0x783F4D,
    0x7840E4,0x78421C,0x7844FD,0x784558,0x7845B3,0x7845DC,0x7846D4,0x78471D,
    0x784859,0x7849D7,0x784F43,0x78521A,0x785333,0x78542E,0x785773,0x785860,
    0x78595E,0x785B64,0x785C5E,0x785DC8,0x785ECC,0x78605B,0x786089,0x786256,
    0x7864A0,0x7864C0,0x7867D7,0x786A1F,0x786A89,0x786C1C,0x786C84,0x78719C,
    0x78725D,0x787462,0x78753E,0x787826,0x787984,0x787B8A,0x787E61,0x78818C,
    0x788371,0x78843C,0x788517,0x7885F4,0x78886D,0x788A20,0x788CB5,0x78929C,
    0x78960D,0x78966E,0x789684,0x7898E8,0x789987,0x789A18,0x789ED0,0x789F6A,
    0x789F70,0x789FAA,0x78A03F,0x78A106,0x78A2A0,0x78A3E4,0x78A7C7,0x78A873,
    0x78ABBB,0x78ACC0,0x78AF08,0x78B46A,0x78B554,0x78B5F2,0x78B6FE,0x78BAF9,
    0x78BC1A,0x78BDBC,0x78C05A,0x78C11D,0x78C3E9,0x78C57D,0x78C5F8,0x78C881,
    0x78C884,0x78CA39,0x78CF2F,0x78CFF9,0x78D162,0x78D294,0x78D6F0,0x78D752,
    0x78D75F,0x78D840,0x78DA6E,0x78DAAF,0x78DC87,0x78DD33,0x78E0C5,0x78E103,
    0x78E22C,0x78E36D,0x78E3B5,0x78E3DE,0x78E7D1,0x78EB46,0x78EE4C,0x78F09B,
    0x78F1C6,0x78F238,0x78F557,0x78F5FD,0x78F7BE,0x78F882,0x78FBD8,0x78FD94,
    0x78FF57,0x7C004D,0x7C0191,0x7C035E,0x7C03AB,0x7C04D0,0x7C0A3F,0x7C0BC6,
    0x7C0C5F,0x7C0CF1,0x7C0CFA,0x7C0ECE,0x7C10C9,0x7C11BE,0x7C11CB,0x7C162A,
    0x7C1960,0x7C19E3,0x7C1AC0,0x7C1B93,0x7C1C4E,0x7C1C68,0x7C1CF1,0x7C1DD9,
    0x7C210D,0x7C210E,0x7C214A,0x7C2302,0x7C2499,0x7C25A3,0x7C2634,0x7C296F,
    0x7C2A31,0x7C2ACA,0x7C2ADB,0x7C2C67,0x7C2EBD,0x7C2EDD,0x7C310E,0x7C33F9,
    0x7C3626,0x7C38AD,0x7C3985,0x7C3B2D,0x7C3D2B,0x7C3E74,0x7C49EB,0x7C4B26,
    0x7C4FAD,0x7C4FCD,0x7C5049,0x7C5079,0x7C573C,0x7C59B1,0x7C5CF8,0x7C6097,
    0x7C6130,0x7C6166,0x7C62E7,0x7C6305,0x7C6456,0x7C646C,0x7C669A,0x7C67A2,
    0x7C67AB,0x7C68B9,0x7C692B,0x7C69F6,0x7C6D62,0x7C6DF8,0x7C70DB,0x7C7398,
    0x7C73EB,0x7C752D,0x7C7635,0x7C7668,0x7C7716,0x7C787E,0x7C7A91,0x7C7BBF,
    0x7C7D3D,0x7C852F,0x7C8767,0x7C87CE,0x7C8931,0x7C8956,0x7C8BB5,0x7C8BCA,
    0x7C9122,0x7C942A,0x7C95F3,0x7C97E1,0x7C9A1D,0x7C9EBD,0x7CA177,0x7CA1AE,
    0x7CA23E,0x7CA449,0x7CA62A,0x7CA8EC,0x7CAB60,0x7CAD4F,0x7CAD74,0x7CB0C2,
    0x7CB15D,0x7CB27D,0x7CB353,0x7CB566,0x7CB59B,0x7CB59F,0x7CBB8A,0x7CBFB1,
    0x7CC06F,0x7CC180,0x7CC225,0x7CC294,0x7CC2C6,0x7CC385,0x7CC3A1,0x7CC537,
    0x7CC882,0x7CC8DF,0x7CCCB8,0x7CD1AD,0x7CD1C3,0x7CD2DA,0x7CD3E5,0x7CD544,
    0x7CD566,0x7CD62C,0x7CD661,0x7CD95C,0x7CD9A0,0x7CDC73,0x7CDFA1,0x7CE53F,
    0x7CE8B1,0x7CECB1,0x7CEDC6,0x7CF05F,0x7CF17E,0x7CF31B,0x7CF34D,0x7CF666,
    0x7CF854,0x7CF880,0x7CF90E,0x7CFADF,0x7CFC16,0x7CFD6B,0x80000B,0x80006E,
    0x800384,0x80045F,0x800518,0x800794,0x800C67,0x800CF9,0x800D3F,0x801242,
    0x801316,0x801382,0x8018A7,0x801934,0x801970,0x801D39,0x8020FD,0x80248F,
    0x802689,0x80276C,0x802AA8,0x802DBF,0x802EC3,0x802EDE,0x8030E0,0x8031F0,
    0x803253,0x8035C1,0x803773,0x8038BC,0x8038FB,0x80398C,0x803C04,0x803C20,
    0x803FD4,0x804126,0x80456B,0x8045DD,0x804715,0x804786,0x804971,0x804A14,
    0x804AF2,0x804DCB,0x804E70,0x804E81,0x8053E0,0x80542D,0x80549C,0x8054D9,
    0x8054E3,0x805719,0x805A04,0x805A70,0x805B65,0x805FC5,0x806036,0x806132,
    0x80646F,0x80647C,0x80656D,0x80657C,0x806599,0x80691A,0x806933,0x806A00,
    0x806D71,0x806F1C,0x80717A,0x807264,0x8075BF,0x807B3E,0x807D14,0x807D3A,
    0x80802C,0x808223,0x8083F6,0x808489,0x8086D9,0x8086F2,0x808917,0x808943,
    0x808ABD,0x808DB7,0x808F1D,0x808F97,0x80929F,0x80953A,0x809698,0x8096B1,
    0x8099E7,0x809B20,0x809FF5,0x80A63C,0x80A997,0x80AD16,0x80AE54,0x80AF19,
    0x80B03D,0x80B54E,0x80B575,0x80B655,0x80B686,0x80B989,0x80BC37,0x80BE05,
    0x80C01E,0x80C16E,0x80CC12,0x80CC9C,0x80CE62,0x80CEB9,0x80CFA2,0x80D09B,
    0x80D1CE,0x80D2E5,0x80D4A5,0x80D605,0x80DACE,0x80E01D,0x80E1BF,0x80E4BA,
    0x80E540,0x80E63C,0x80E650,0x80E82C,0x80E86F,0x80EA07,0x80EA0B,0x80EA96,
    0x80ED2C,0x80F0CF,0x80F1A4,0x80F1B2,0x80F3DA,0x80F503,0x80FB06,0x8400D2,
    0x840511,0x84083A,0x840B2D,0x840C6D,0x840D8E,0x840F4C,0x84119E,0x84144D,
    0x8415D3,0x8416F9,0x84183A,0x841985,0x841B5E,0x841B77,0x841FE8,0x8421F1,
    0x842289,0x842388,0x842519,0x8425DB,0x842789,0x842859,0x842999,0x842E27,
    0x842F57,0x843497,0x8437D5,0x843835,0x843838,0x84398F,0x843A4B,0x843CFC,
    0x843DC6,0x843E92,0x844167,0x844693,0x8446FE,0x844765,0x844880,0x845075,
    0x845181,0x8454DF,0x8455A5,0x845A3E,0x845B12,0x845CF3,0x845F04,0x8461A0,
    0x8464DD,0x84683E,0x846878,0x84716A,0x847637,0x847848,0x84788B,0x8478AC,
    0x847B57,0x847CEE,0x847D7E,0x84802D,0x848506,0x8488E1,0x8489AD,0x848A8D,
    0x848C8D,0x848E0C,0x848EDF,0x849265,0x8492E5,0x8493A0,0x849437,0x8496D8,
    0x849866,0x849FB5,0x84A134,0x84A466,0x84A6C8,0x84A824,0x84A8E4,0x84A93E,
    0x84A9C4,0x84AB1A,0x84AC16,0x84AD58,0x84AD8D,0x84AEDE,0x84B153,0x84B1E4,
    0x84B261,0x84B517,0x84B541,0x84B802,0x84B890,0x84BB69,0x84BE52,0x84C065,
    0x84C0EF,0x84C5A6,0x84C7BB,0x84C7EA,0x84C9B2,0x84CC63,0x84CCA8,0x84D1C1,
    0x84D328,0x84D3D5,0x84D47E,0x84D6D0,0x84D7DE,0x84D81B,0x84DBA4,0x84DBAC,
    0x84DD84,0x84E058,0x84E342,0x84E657,0x84E986,0x84EAED,0x84EBEF,0x84EE7F,
    0x84EEE4,0x84EF18,0x84F147,0x84F3EB,0x84F703,0x84FCAC,0x84FCE6,0x84FCFE,
    0x84FDD1,0x84FE40,0x84FFC2,0x88074B,0x881032,0x88108F,0x881196,0x8813BF,
    0x881544,0x881566,0x8815C5,0x8817A8,0x881908,0x881DFC,0x881E5A,0x881FA1,
    0x88200D,0x88225B,0x882510,0x882593,0x8828B3,0x88299C,0x8829BF,0x882C31,
    0x882F92,0x88329B,0x88365F,0x8836CF,0x883A30,0x883D24,0x883F27,0x883FD3,
    0x884033,0x88403B,0x8843E1,0x884477,0x884604,0x884D7C,0x884F59,0x8851F2,
    0x8851FB,0x8852EB,0x88532E,0x885395,0x8853D4,0x88541F,0x8856A6,0x885721,
    0x885A92,0x885E54,0x8863C5,0x8863DF,0x886440,0x886639,0x88665A,0x8866A5,
    0x8867DC,0x88693D,0x886B6E,0x886BDB,0x886C60,0x886D2D,0x886EEB,0x887015,
    0x8871B1,0x8871E5,0x887477,0x887556,0x887598,0x8876B9,0x887873,0x887ABC,
    0x887E9B,0x8881B9,0x888322,0x888603,0x88892F,0x888E68,0x888FA4,0x88908D,
    0x88964E,0x889986,0x889B39,0x889CAD,0x889F6F,0x88A0BE,0x88A2D7,0x88A303,
    0x88A479,0x88A9B7,0x88ACC0,0x88ADD2,0x88AE07,0x88B111,0x88B291,0x88B4BE,
    0x88B7EB,0x88B945,0x88B951,0x88BCC1,0x88BD45,0x88BFE4,0x88C08B,0x88C227,
    0x88C344,0x88C397,0x88C663,0x88C6E8,0x88C9D0,0x88C9E8,0x88CB87,0x88CE3F,
    0x88CEFA,0x88CF98,0x88D546,0x88D7F6,0x88D82E,0x88DA04,0x88DDB8,0x88DEA9,
    0x88E056,0x88E3AB,0x88E87F,0x88E9A4,0x88E9FE,0x88EF16,0x88F031,0x88F077,
    0x88F155,0x88F2CE,0x88F3D5,0x88F4DA,0x88F56E,0x88F6DC,0x88F872,0x88FC5D,
    0x8C006D,0x8C0572,0x8C08AA,0x8C09F4,0x8C0C90,0x8C0D76,0x8C0FC9,0x8C142A,
    0x8C15C7,0x8C1759,0x8C17B6,0x8C1952,0x8C1ABF,0x8C1D96,0x8C1E80,0x8C210A,
    0x8C2114,0x8C2505,0x8C26AA,0x8C2937,0x8C2A85,0x8C2DAA,0x8C2E72,0x8C3066,
    0x8C3396,0x8C3446,0x8C34FD,0x8C3AE3,0x8C3BAD,0x8C426D,0x8C44A5,0x8C4598,
    0x8C4962,0x8C4B14,0x8C4EBB,0x8C4F00,0x8C53C3,0x8C554A,0x8C5646,0x8C56C5,
    0x8C5877,0x8C5973,0x8C5A25,0x8C5AC1,0x8C5AF8,0x8C5BF0,0x8C5EBD,0x8C604F,
    0x8C61A3,0x8C6422,0x8C683A,0x8C6A3B,0x8C6BDB,0x8C6D77,0x8C705A,0x8C71F8,
    0x8C763F,0x8C7712,0x8C7909,0x8C79F5,0x8C7A15,0x8C7A3D,0x8C7AAA,0x8C7B9D,
    0x8C7C92,0x8C7F3B,0x8C8283,0x8C83E1,0x8C83E8,0x8C8442,0x8C8590,0x8C85C1,
    0x8C861E,0x8C862A,0x8C86DD,0x8C8881,0x8C8ACD,0x8C8C29,0x8C8D28,0x8C8EF2,
    0x8C8FE9,0x8C902D,0x8C91A4,0x8C941F,0x8C9461,0x8C94DF,0x8C986B,0x8C9885,
    0x8CA2F5,0x8CA3EC,0x8CA5CF,0x8CA6DF,0x8CA96D,0x8CA982,0x8CAAB5,0x8CAACE,
    0x8CB0E9,0x8CB50E,0x8CB64F,0x8CB84A,0x8CB87E,0x8CBEBE,0x8CBFA6,0x8CBFEA,
    0x8CC246,0x8CC5D0,0x8CC681,0x8CC8CD,0x8CC9E9,0x8CCDE8,0x8CCE4E,0x8CD0B2,
    0x8CD9D6,0x8CDCD4,0x8CDEE6,0x8CDEF9,0x8CE5C0,0x8CE5EF,0x8CE9EE,0x8CEA48,
    0x8CEBC6,0x8CEC7B,0x8CEDE1,0x8CF5A3,0x8CF67D,0x8CF8C5,0x8CFABA,0x8CFADD,
    0x8CFD18,0x8CFD49,0x8CFE57,0x8CFE74,0x9000DB,0x900117,0x900325,0x900628,
    0x9006DB,0x9009DF,0x900A48,0x900CC8,0x900DCB,0x901057,0x901195,0x901506,
    0x9016BA,0x90173F,0x9017AC,0x9017C8,0x90187C,0x901ACA,0x901F94,0x9020C2,
    0x90235B,0x9025F2,0x9027E4,0x902AEE,0x902BD2,0x902C09,0x902E1C,0x9035A2,
    0x90380C,0x90395F,0x903A72,0x903C92,0x903EAB,0x903FC3,0x903FEA,0x9041B2,
    0x904528,0x904748,0x9047C2,0x9049FA,0x904C81,0x904CC5,0x904DE2,0x904E2B,
    0x9051F8,0x905671,0x905E44,0x905F7A,0x9060F1,0x9061AE,0x90623F,0x90633B,
    0x90649B,0x9064AD,0x906584,0x90671C,0x906989,0x906CAC,0x907069,0x907240,
    0x9074F2,0x9077EE,0x907841,0x9078B2,0x90808F,0x90812A,0x908158,0x908175,
    0x90840D,0x908855,0x908A80,0x908C43,0x908D6C,0x908D78,0x90935A,0x909497,
    0x9094E4,0x909507,0x9097D5,0x9097F3,0x909838,0x909A4A,0x909B6F,0x909C4A,
    0x909D7D,0x909F22,0x90A25B,0x90A57D,0x90A5AF,0x90A822,0x90AC6D,0x90AE1B,
    0x90B021,0x90B0ED,0x90B134,0x90B144,0x90B176,0x90B21F,0x90B339,0x90B622,
    0x90B790,0x90B931,0x90BA09,0x90C115,0x90C1C6,0x90C792,0x90C97E,0x90CAFA,
    0x90CC7A,0x90CCDF,0x90CDE8,0x90D733,0x90DA72,0x90DD5D,0x90E17B,0x90E2BA,
    0x90E5B1,0x90E6BA,0x90E95E,0x90EB50,0x90ECEA,0x90EEC7,0x90EF68,0x90F1AA,
    0x90F644,0x90F652,0x90F80C,0x90F82E,0x90F970,0x90F9B7,0x90FB5D,0x90FD61,
    0x9400B0,0x9401C2,0x94049C,0x9408C7,0x940B19,0x940BCD,0x940C6D,0x940C98,
    0x940D4B,0x940E5F,0x940E6B,0x940EE7,0x94103E,0x9415B2,0x941625,0x941700,
    0x941865,0x941882,0x941DD4,0x942157,0x942453,0x942533,0x94261D,0x94270E,
    0x942A6F,0x942B68,0x942DDC,0x9433D8,0x94350A,0x943589,0x9437F7,0x94390E,
    0x943A91,0x943B22,0x943CC6,0x943FC2,0x943FD6,0x9440C9,0x9440F3,0x944444,
    0x944452,0x944560,0x944667,0x944788,0x9449F6,0x945103,0x9451DC,0x945244,
    0x9453FF,0x9454C5,0x9457A5,0x9458CB,0x945915,0x945AEA,0x945AFC,0x945C9A,
    0x946010,0x9460D5,0x946269,0x94626D,0x9463D1,0x946424,0x94659C,0x9476B7,
    0x94772B,0x947AF4,0x947BAE,0x947BE7,0x947D77,0x94877C,0x9487E0,0x948978,
    0x948B93,0x948BC1,0x948E6D,0x948FCF,0x949010,0x949426,0x9495A0,0x949CBE,
    0x949F3E,0x94A07D,0x94A25D,0x94A4F9,0x94A67E,0x94A990,0x94AD05,0x94AD23,
    0x94AEF0,0x94B01F,0x94B10A,0x94B271,0x94B34F,0x94B40F,0x94B43A,0x94B555,
    0x94B609,0x94B86D,0x94B97E,0x94BF2D,0x94BFC4,0x94CCB9,0x94CE0F,0x94CE2C,
    0x94CFB0,0x94D00D,0x94D2BC,0x94D331,0x94D469,0x94D54D,0x94D771,0x94D9B3,
    0x94DB56,0x94DBDA,0x94DF34,0x94E129,0x94E23C,0x94E300,0x94E4BA,0x94E686,
    0x94E6BA,0x94E6F7,0x94E70B,0x94E7EA,0x94E7F3,0x94E8C5,0x94E96A,0x94E9EE,
    0x94EA32,0x94EB2C,0x94EF50,0x94F128,0x94F392,0x94F665,0x94F6A3,0x94F6D6,
    0x94FE22,0x94FF06,0x94FF3C,0x9800C6,0x9801A7,0x98038E,0x9803D8,0x98045F,
    0x98063C,0x980709,0x98076A,0x980C82,0x980D51,0x980D67,0x980D6F,0x980DAF,
    0x9810E8,0x9812E0,0x98171A,0x981888,0x981A35,0x981CA2,0x981DFA,0x98226E,
    0x98247B,0x98254A,0x982AFD,0x982CBC,0x982D68,0x982FF8,0x9835ED,0x98398E,
    0x983A1F,0x983B8F,0x983C8C,0x983DAE,0x983F60,0x983FE8,0x98415C,0x9842F5,
    0x9843FA,0x9844CE,0x98460A,0x984827,0x984874,0x984B06,0x984B4A,0x984BE1,
    0x984E8A,0x984FEE,0x98502E,0x9851FC,0x985207,0x9852B1,0x98535F,0x98541B,
    0x98597A,0x985A98,0x985AEB,0x985F41,0x9860CA,0x986110,0x98698A,0x986B3D,
    0x98751A,0x987552,0x987EB5,0x9880EE,0x98818A,0x988389,0x98876C,0x98886C,
    0x9888E0,0x988D46,0x988F00,0x9893CC,0x9897CC,0x9898FB,0x989C57,0x989E63,
    0x989F1E,0x98A2C0,0x98A316,0x98A375,0x98A5F9,0x98AD1D,0x98AF65,0x98B08B,
    0x98B379,0x98B3EF,0x98B6E9,0x98B8BA,0x98B8BC,0x98B8E3,0x98BA5F,0x98BD80,
    0x98C08A,0x98C377,0x98CA33,0x98CAB5,0x98CCF3,0x98CDAC,0x98CF7D,0x98D293,
    0x98D3D7,0x98D6BB,0x98D6F7,0x98D742,0x98D7E1,0x98DAC4,0x98DD60,0x98DED0,
    0x98E081,0x98E0D9,0x98E255,0x98E7F4,0x98E7F5,0x98E859,0x98E8FA,0x98EE94,
    0x98F04C,0x98F083,0x98F0AB,0x98F2B3,0x98F3F6,0x98F4AB,0x98F621,0x98F781,
    0x98F7D7,0x98FA2E,0x98FAE3,0x98FB27,0x98FC11,0x98FE3E,0x98FE94,0x98FEE1,
    0x9C0298,0x9C0351,0x9C04EB,0x9C05D6,0x9C098B,0x9C09CA,0x9C139E,0x9C1A25,
    0x9C1C12,0x9C1D36,0x9C207B,0x9C216A,0x9C2595,0x9C28B3,0x9C28EF,0x9C28F7,
    0x9C293F,0x9C2976,0x9C2A83,0x9C2E7A,0x9C2EA1,0x9C3426,0x9C35EB,0x9C3708,
    0x9C37CB,0x9C37F4,0x9C3818,0x9C3928,0x9C3AAF,0x9C3DCF,0x9C3E53,0x9C4782,
    0x9C4929,0x9C4DC2,0x9C4E20,0x9C4E36,0x9C4F5F,0x9C4FDA,0x9C52F8,0x9C5322,
    0x9C5416,0x9C5636,0x9C5766,0x9C57AD,0x9C583C,0x9C5884,0x9C5A81,0x9C5C8E,
    0x9C5CF9,0x9C5FB0,0x9C6076,0x9C61D7,0x9C648B,0x9C65B0,0x9C65EB,0x9C6697,
    0x9C67D6,0x9C69D1,0x9C713A,0x9C7370,0x9C73B1,0x9C741A,0x9C746F,0x9C760E,
    0x9C79E3,0x9C7BEF,0x9C7DA3,0x9C823F,0x9C8306,0x9C84BF,0x9C8BA0,0x9C8C6E,
    0x9C8CD8,0x9C8E99,0x9C8E9C,0x9C924F,0x9C9567,0x9C96D5,0x9C971B,0x9C9774,
    0x9C9793,0x9C99A0,0x9C9C1F,0x9C9D7E,0x9C9E6E,0x9C9E71,0x9C9ED5,0x9CA118,
    0x9CA2F4,0x9CA513,0x9CA615,0x9CA9B8,0x9CA9C5,0x9CAFCA,0x9CB150,0x9CB2B2,
    0x9CB2E8,0x9CB654,0x9CBCA6,0x9CBCF0,0x9CBFCD,0x9CC172,0x9CC394,0x9CC8E9,
    0x9CC8FC,0x9CC9EB,0x9CCC01,0x9CD35B,0x9CD36D,0x9CD57D,0x9CD643,0x9CDA3E,
    0x9CDAA8,0x9CDAB7,0x9CDBAF,0x9CDC71,0x9CDF8A,0x9CE063,0x9CE176,0x9CE330,
    0x9CE33F,0x9CE374,0x9CE635,0x9CE65E,0x9CE6E7,0x9CEC61,0x9CF1D4,0x9CF27E,
    0x9CF387,0x9CF3AC,0x9CF48E,0x9CFA76,0x9CFC01,0x9CFC28,0x9CFCE8,0xA002A5,
    0xA002DC,0xA00460,0xA00798,0xA0086F,0xA00A9A,0xA00BBA,0xA00E98,0xA00F37,
    0xA01081,0xA01828,0xA01B9E,0xA01C8D,0xA01D48,0xA020A6,0xA02195,0xA021B7,
    0xA0239F,0xA025D7,0xA027B6,0xA02942,0xA02BB8,0xA031DB,0xA0334F,0xA03679,
    0xA0369F,0xA036BC,0xA039F7,0xA03BE3,0xA03D6E,0xA03D6F,0xA0406F,0xA040A0,
    0xA04147,0xA042D1,0xA043B0,0xA0445C,0xA0481C,0xA04839,0xA04E8D,0xA04EA7,
    0xA04ECF,0xA04F52,0xA04F85,0xA0510B,0xA05272,0xA0554F,0xA055DE,0xA0562C,
    0xA056F3,0xA057E3,0xA05911,0xA05950,0xA06090,0xA06391,0xA0687E,0xA06FAA,
    0xA070B7,0xA07591,0xA0764E,0xA07817,0xA0782D,0xA07D9C,0xA08069,0xA0821F,
    0xA08527,0xA085E3,0xA086C6,0xA087BE,0xA08869,0xA0889D,0xA088B4,0xA08CF8,
    0xA08CFD,0xA08D16,0xA09169,0xA09208,0xA09351,0xA0999B,0xA09A8E,0xA09D22,
    0xA09F7A,0xA0A001,0xA0A0DC,0xA0A309,0xA0A33B,0xA0A3B3,0xA0A3F0,0xA0A47F,
    0xA0A4C5,0xA0A8CD,0xA0AB1B,0xA0AC69,0xA0AD62,0xA0AD9F,0xA0AF12,0xA0AFBD,
    0xA0B0BD,0xA0B15C,0xA0B339,0xA0B3CC,0xA0B40F,0xA0B439,0xA0B4A5,0xA0B765,
    0xA0BC6F,0xA0C1C5,0xA0C20D,0xA0C562,0xA0C589,0xA0C7D2,0xA0C926,0xA0CBFD,
    0xA0CF5B,0xA0D05B,0xA0D0DC,0xA0D1B3,0xA0D2B1,0xA0D365,0xA0D37A,0xA0D3C1,
    0xA0D722,0xA0D795,0xA0D7A0,0xA0D7F3,0xA0D807,0xA0DD6C,0xA0DE0F,0xA0DF15,
    0xA0E0AF,0xA0E390,0xA0E453,0xA0E4CB,0xA0E70B,0xA0E7AE,0xA0ECF9,0xA0EDCD,
    0xA0EE1A,0xA0F262,0xA0F3C1,0xA0F479,0xA0F849,0xA0FAC8,0xA0FBC5,0xA4004E,
    0xA400E2,0xA402B7,0xA402B9,0xA405D6,0xA407B6,0xA40801,0xA40987,0xA409B3,
    0xA40CC3,0xA40E75,0xA410B6,0xA411BB,0xA41588,0xA416C0,0xA416E7,0xA4178B,
    0xA41875,0xA41A3A,0xA426CA,0xA42A95,0xA42B8C,0xA42BB0,0xA4307A,0xA43135,
    0xA434D9,0xA436C7,0xA4373E,0xA43828,0xA438CC,0xA439B3,0xA43B0E,0xA43FA7,
    0xA4423B,0xA44280,0xA44343,0xA44380,0xA4438C,0xA44519,0xA446B4,0xA44BD5,
    0xA44C11,0xA44E31,0xA45046,0xA4530E,0xA45590,0xA45630,0xA45C27,0xA45D36,
    0xA45E60,0xA46706,0xA46BB6,0xA46C24,0xA46C2A,0xA46CF1,0xA46DA4,0xA47174,
    0xA475B9,0xA47733,0xA477F3,0xA47806,0xA47952,0xA47AA4,0xA47B1A,0xA47B9D,
    0xA47CC9,0xA483E7,0xA48431,0xA48873,0xA4933F,0xA4934C,0xA493AD,0xA493FE,
    0xA49700,0xA49813,0xA49947,0xA49A58,0xA49B4F,0xA49BCD,0xA49DDD,0xA49FE7,
    0xA4A46B,0xA4A490,0xA4A584,0xA4A930,0xA4AAFE,0xA4AC0F,0xA4B197,0xA4B1C1,
    0xA4B239,0xA4B439,0xA4B61E,0xA4B805,0xA4BA70,0xA4BA76,0xA4BDC4,0xA4BE2B,
    0xA4BF01,0xA4C0E1,0xA4C1E8,0xA4C337,0xA4C361,0xA4C3BE,0xA4C3F0,0xA4C494,
    0xA4C54E,0xA4C64F,0xA4C69A,0xA4C6F0,0xA4C74B,0xA4C788,0xA4CAA0,0xA4CB8F,
    0xA4CCB3,0xA4CF12,0xA4CF99,0xA4D18C,0xA4D1D2,0xA4D23E,0xA4D931,0xA4D990,
    0xA4DCBE,0xA4DCD5,0xA4DD58,0xA4E287,0xA4E57C,0xA4E975,0xA4EBD3,0xA4ED4E,
    0xA4F00F,0xA4F1E8,0xA4F6E6,0xA4F6E8,0xA4F841,0xA4F8FF,0xA4F921,0xA4F933,
    0xA4FC14,0xA4FF9F,0xA8032A,0xA80600,0xA809B1,0xA80BFB,0xA80C0D,0xA80C63,
    0xA80DE1,0xA811FC,0xA8154D,0xA816B2,0xA816D0,0xA81AF1,0xA82066,0xA823FE,
    0xA82948,0xA829DC,0xA82BB9,0xA82BCD,0xA82BD5,0xA82C89,0xA830BC,0xA8346A,
    0xA83512,0xA83759,0xA83B5C,0xA83ED3,0xA842A1,0xA842E3,0xA84616,0xA84674,
    0xA8469D,0xA848FA,0xA8494D,0xA84A28,0xA84B4D,0xA84FB1,0xA85081,0xA8515B,
    0xA851AB,0xA852D4,0xA8574E,0xA8595F,0xA85AE0,0xA85B78,0xA85BB7,0xA85BF7,
    0xA85C2C,0xA85E45,0xA85F61,0xA860B6,0xA8637D,0xA864F1,0xA8667F,0xA86A86,
    0xA86DAA,0xA86E4E,0xA86E84,0xA8705D,0xA8724D,0xA87650,0xA87971,0xA8798D,
    0xA87C01,0xA87C45,0xA87CF8,0xA87D12,0xA87EEA,0xA88055,0xA8817E,0xA88195,
    0xA886DD,0xA887B3,0xA88808,0xA88940,0xA88E24,0xA88FD9,0xA8913D,0xA8922C,
    0xA8968A,0xA897CD,0xA89C6C,0xA89C78,0xA89CED,0xA89D21,0xA89FBA,0xA89FEC,
    0xA8AA7C,0xA8ABB5,0xA8B1D4,0xA8B271,0xA8B456,0xA8B57C,0xA8B86E,0xA8BA25,
    0xA8BA69,0xA8BB56,0xA8BBCF,0xA8BD27,0xA8BE27,0xA8C092,0xA8C252,0xA8C407,
    0xA8C83A,0xA8CA77,0xA8CA7B,0xA8CAB9,0xA8D081,0xA8D162,0xA8D4E0,0xA8DB03,
    0xA8DDBC,0xA8DDEC,0xA8E3EE,0xA8E544,0xA8E621,0xA8E978,0xA8EE67,0xA8F059,
    0xA8F07C,0xA8F266,0xA8F274,0xA8F5AC,0xA8F5DD,0xA8FAD8,0xA8FB45,0xA8FD07,
    0xA8FE9D,0xA8FFBA,0xAC007A,0xAC05C7,0xAC075F,0xAC0775,0xAC0BFB,0xAC0D1B,
    0xAC1203,0xAC1518,0xAC15A2,0xAC15F4,0xAC1615,0xAC162D,0xAC16DE,0xAC17C8,
    0xAC198E,0xAC1D06,0xAC1E92,0xAC1E9E,0xAC1F74,0xAC220B,0xAC2241,0xAC276E,
    0xAC293A,0xAC2AA1,0xAC2B6E,0xAC3184,0xAC3328,0xAC3613,0xAC3A67,0xAC3A7A,
    0xAC3C0B,0xAC3DCB,0xAC3EB1,0xAC416A,0xAC4500,0xAC45EF,0xAC471B,0xAC49DB,
    0xAC4A56,0xAC4A67,0xAC4E91,0xAC51AB,0xAC5322,0xAC5A14,0xAC5AF0,0xAC5AFC,
    0xAC5C2C,0xAC5E14,0xAC5F3E,0xAC6089,0xAC6175,0xAC61EA,0xAC63BE,0xAC6490,
    0xAC6706,0xAC675D,0xAC6784,0xAC67B2,0xAC69CF,0xAC6C90,0xAC712E,0xAC7289,
    0xAC74B1,0xAC751D,0xAC7A56,0xAC7BA1,0xAC7E01,0xAC7E8A,0xAC7F3E,0xAC800A,
    0xAC80FB,0xAC8247,0xAC82F0,0xAC84C6,0xAC853D,0xAC86A3,0xAC87A3,0xAC88FD,
    0xAC8AC7,0xAC8BA9,0xAC8C46,0xAC8D34,0xAC9073,0xAC9085,0xAC9232,0xAC936A,
    0xAC9738,0xAC9929,0xAC9B0A,0xAC9E17,0xACA016,0xACA26A,0xACA31E,0xACA704,
    0xACA7F1,0xACAE19,0xACAFB9,0xACB313,0xACB3B5,0xACBC32,0xACBCB5,0xACBCD9,
    0xACBD70,0xACBDF7,0xACC1EE,0xACC33A,0xACC3E5,0xACC5B4,0xACC906,0xACCCFC,
    0xACCF5C,0xACCF85,0xACD074,0xACD31D,0xACD400,0xACDB48,0xACDCCA,0xACDE01,
    0xACDFA1,0xACE011,0xACE215,0xACE2D3,0xACE342,0xACE4B5,0xACE4D8,0xACE6BB,
    0xACE6FB,0xACE87B,0xACEAEA,0xACEBE6,0xACEC80,0xACED5C,0xACEE9E,0xACF108,
    0xACF1DF,0xACF2C5,0xACF5E6,0xACF6F7,0xACF7F3,0xACF878,0xACF8CC,0xACF970,
    0xACFAE4,0xACFDCE,0xACFDEC,0xACFF6B,0xB000B4,0xB00875,0xB00B22,0xB00CD1,
    0xB01656,0xB01831,0xB01921,0xB019C6,0xB01BFC,0xB01F8C,0xB0216F,0xB02491,
    0xB02680,0xB02A43,0xB02B64,0xB02EE0,0xB03495,0xB0359F,0xB035B5,0xB03795,
    0xB03956,0xB03ACE,0xB03CDC,0xB03F64,0xB03FD3,0xB042B7,0xB04502,0xB047BF,
    0xB047E9,0xB0481A,0xB0487A,0xB04A6A,0xB04E26,0xB05476,0xB05508,0xB05A7B,
    0xB05ADA,0xB05B67,0xB05DD4,0xB06088,0xB064E0,0xB065BD,0xB067B5,0xB06A41,
    0xB06EBF,0xB06FE0,0xB0702D,0xB07219,0xB0735D,0xB0739C,0xB0761B,0xB077AC,
    0xB07ADF,0xB07C51,0xB07D47,0xB07D64,0xB07FB9,0xB08184,0xB082E2,0xB083D6,
    0xB08900,0xB08BA8,0xB08BCF,0xB08BD0,0xB08C75,0xB08D57,0xB0907E,0xB09200,
    0xB0935B,0xB09575,0xB0958E,0xB098BC,0xB0995A,0xB099D7,0xB09C63,0xB09CB2,
    0xB09FBA,0xB0A460,0xB0A4F0,0xB0A5B3,0xB0A604,0xB0A651,0xB0A732,0xB0A737,
    0xB0A7B9,0xB0AA77,0xB0B21C,0xB0B2DC,0xB0B867,0xB0B98A,0xB0BBA9,0xB0BE76,
    0xB0BE83,0xB0C38E,0xB0C4E7,0xB0C53C,0xB0C554,0xB0C559,0xB0C61C,0xB0C787,
    0xB0CA68,0xB0CAE7,0xB0CBD8,0xB0CCFE,0xB0CFCB,0xB0D09C,0xB0D576,0xB0D5FB,
    0xB0D77E,0xB0DAF9,0xB0DCEF,0xB0DE28,0xB0DE31,0xB0DF3A,0xB0E17E,0xB0E235,
    0xB0E45C,0xB0E4D5,0xB0E5ED,0xB0E5EF,0xB0E5F9,0xB0EB57,0xB0EC69,0xB0EC71,
    0xB0ECDD,0xB0EE7B,0xB0F1D8,0xB0F2F6,0xB0F7C4,0xB0FA8B,0xB0FAEB,0xB0FC0D,
    0xB0FEE5,0xB40216,0xB405A1,0xB407F9,0xB40931,0xB40AD8,0xB40B1D,0xB40EDE,
    0xB4107A,0xB41324,0xB41489,0xB414E6,0xB41513,0xB41584,0xB418D1,0xB41974,
    0xB41A1D,0xB41BB0,0xB41DC4,0xB41F4D,0xB423A2,0xB42802,0xB42BB9,0xB43052,
    0xB437D8,0xB43836,0xB4394C,0xB43A28,0xB43A45,0xB43AE2,0xB440A4,0xB440DC,
    0xB4430D,0xB44326,0xB44389,0xB44BD2,0xB44C90,0xB4527D,0xB4527E,0xB454F2,
    0xB45575,0xB456E3,0xB45976,0xB45BD1,0xB45D50,0xB460ED,0xB46142,0xB46293,
    0xB46921,0xB46BFC,0xB46D83,0xB46E08,0xB47064,0xB47443,0xB4750E,0xB476A4,
    0xB479A7,0xB479C8,0xB47AF1,0xB47B1A,0xB47C9C,0xB47E9F,0xB48351,0xB485E1,
    0xB48655,0xB48901,0xB48A0A,0xB48B19,0xB49107,0xB49691,0xB496A5,0xB499BA,
    0xB49CDF,0xB49D02,0xB4A10A,0xB4A4E3,0xB4A64A,0xB4A898,0xB4A8B9,0xB4AEC1,
    0xB4B024,0xB4B055,0xB4B291,0xB4B2E9,0xB4B52F,0xB4B676,0xB4B686,0xB4B742,
    0xB4BFE9,0xB4BFF6,0xB4C0C3,0xB4C2F7,0xB4C3D9,0xB4C4FC,0xB4CADD,0xB4CD27,
    0xB4CE40,0xB4D1F6,0xB4D5BD,0xB4D5E5,0xB4DE31,0xB4DF91,0xB4E3D0,0xB4E454,
    0xB4E53E,0xB4E5C5,0xB4E62A,0xB4E62D,0xB4E9B0,0xB4EF39,0xB4F0AB,0xB4F18C,
    0xB4F1DA,0xB4F2E8,0xB4F49B,0xB4F58E,0xB4F61C,0xB4F7A1,0xB4FA48,0xB4FBE4,
    0xB4FBF9,0xB4FF98,0xB8005B,0xB8011F,0xB80305,0xB80533,0xB8060D,0xB80756,
    0xB808CF,0xB808D7,0xB8098A,0xB80B9A,0xB8114B,0xB8144D,0xB8145C,0xB81619,
    0xB8165F,0xB817C2,0xB81D1F,0xB81DAA,0xB81E9E,0xB81F3F,0xB8211C,0xB8220C,
    0xB827C5,0xB82AA9,0xB82B68,0xB8374A,0xB8374B,0xB837B2,0xB83861,0xB83865,
    0xB83A5A,0xB83BCC,0xB83C20,0xB83C28,0xB83E59,0xB841A4,0xB844D9,0xB845EB,
    0xB8496D,0xB84FA7,0xB850D8,0xB852E0,0xB85384,0xB853AC,0xB85600,0xB857D6,
    0xB857D8,0xB85A73,0xB85D0A,0xB85DC3,0xB85E7B,0xB85F98,0xB85FB0,0xB8621F,
    0xB8634D,0xB86870,0xB869F4,0xB86CE0,0xB86CE8,0xB8752E,0xB87826,0xB8782E,
    0xB87B4D,0xB87BC5,0xB87BD4,0xB87CD0,0xB87E40,0xB88198,0xB881FA,0xB88303,
    0xB8857B,0xB88A60,0xB88AEC,0xB88D12,0xB88E82,0xB89047,0xB89436,0xB894E7,
    0xB89A2A,0xB89FCC,0xB8A0B8,0xB8A175,0xB8A377,0xB8A386,0xB8A825,0xB8AB61,
    0xB8AE6E,0xB8AF67,0xB8B2F8,0xB8B409,0xB8B4C9,0xB8B81E,0xB8BB11,0xB8BBAF,
    0xB8BC1B,0xB8BC5B,0xB8BEBF,0xB8BF83,0xB8C111,0xB8C385,0xB8C68E,0xB8C75D,
    0xB8C924,0xB8D4C3,0xB8D4E7,0xB8D526,0xB8D61A,0xB8D6F6,0xB8D9CE,0xB8DAE8,
    0xB8DB38,0xB8E3B1,0xB8E60C,0xB8E856,0xB8E937,0xB8EA98,0xB8ECA3,0xB8F009,
    0xB8F12A,0xB8F4A4,0xB8F6B1,0xB8F775,0xB8F862,0xB8F883,0xB8F934,0xB8FBB3,
    0xB8FE90,0xB8FE96,0xB8FF61,0xBC0358,0xBC071D,0xBC091B,0xBC0963,0xBC0EAB,
    0xBC0F64,0xBC0F9A,0xBC107B,0xBC1485,0xBC1665,0xBC16F5,0xBC17B8,0xBC1827,
    0xBC1896,0xBC1926,0xBC1AE4,0xBC1E85,0xBC20A4,0xBC2228,0xBC25E0,0xBC26C7,
    0xBC277A,0xBC2CE6,0xBC2E48,0xBC2EF6,0xBC32B2,0xBC3329,0xBC3340,0xBC351E,
    0xBC36F7,0xBC37D3,0xBC3898,0xBC3BAF,0xBC3D85,0xBC3F8F,0xBC4486,0xBC455B,
    0xBC4699,0xBC4760,0xBC4A56,0xBC4C78,0xBC4CA0,0xBC4CC4,0xBC4F2D,0xBC5274,
    0xBC52B7,0xBC542F,0xBC5436,0xBC5451,0xBC5A56,0xBC5BD5,0xBC60A7,0xBC6193,
    0xBC620E,0xBC644B,0xBC671C,0xBC6778,0xBC68C3,0xBC6AD1,0xBC6C21,0xBC6E64,
    0xBC6EE2,0xBC72B1,0xBC744B,0xBC74EA,0xBC7574,0xBC765E,0xBC7670,0xBC76C5,
    0xBC7737,0xBC79AD,0xBC7ABF,0xBC7B72,0xBC7E8B,0xBC7EC3,0xBC7F7B,0xBC7FA4,
    0xBC804E,0xBC851F,0xBC89A6,0xBC89A7,0xBC89C1,0xBC8CCD,0xBC8D1F,0xBC926B,
    0xBC9307,0xBC9789,0xBC9911,0xBC9930,0xBC9A53,0xBC9C31,0xBC9C8D,0xBC9EBB,
    0xBC9F58,0xBC9FE4,0xBC9FEF,0xBCA080,0xBCA0B9,0xBCA231,0xBCA511,0xBCA58B,
    0xBCA5A9,0xBCA8A6,0xBCA920,0xBCABF5,0xBCAEC5,0xBCB0E7,0xBCB1D3,0xBCB1F3,
    0xBCB2CC,0xBCB30E,0xBCB863,0xBCBB58,0xBCBCCA,0xBCBF2E,0xBCC427,0xBCC493,
    0xBCCAB5,0xBCCD7F,0xBCCD99,0xBCCE25,0xBCCF4F,0xBCD074,0xBCD11F,0xBCD177,
    0xBCD206,0xBCD22C,0xBCD295,0xBCD7A5,0xBCD7D4,0xBCDB09,0xBCDDC2,0xBCDF58,
    0xBCE143,0xBCE265,0xBCE63F,0xBCE712,0xBCEAFA,0xBCEBE8,0xBCEC5D,0xBCEE7B,
    0xBCF105,0xBCF171,0xBCF1F2,0xBCF5AC,0xBCF685,0xBCF730,0xBCFAEB,0xBCFCE7,
    0xBCFED9,0xBCFF4D,0xC00195,0xC005C2,0xC0060C,0xC006C3,0xC01173,0xC014FE,
    0xC0151B,0xC01693,0xC0174D,0xC01754,0xC01ADA,0xC01C6A,0xC0238D,0xC0255C,
    0xC025E9,0xC02C17,0xC02C5C,0xC02E5F,0xC03379,0xC03A55,0xC03C59,0xC03D03,
    0xC03E50,0xC03E75,0xC03F0E,0xC03FDD,0xC041F6,0xC04442,0xC048E6,0xC049EF,
    0xC04A00,0xC04E30,0xC04E8A,0xC05234,0xC05627,0xC0582E,0xC05B44,0xC05BBD,
    0xC05D89,0xC06118,0xC06194,0xC0626B,0xC06394,0xC064E4,0xC06599,0xC067AF,
    0xC06C0C,0xC07009,0xC07831,0xC07AD6,0xC07BBC,0xC083C9,0xC0847A,0xC084E0,
    0xC087EB,0xC08997,0xC089AB,0xC08ADE,0xC08B05,0xC08B2A,0xC08C60,0xC08D51,
    0xC091B9,0xC09435,0xC0956D,0xC095CF,0xC09727,0xC09AD0,0xC09B63,0xC09F42,
    0xC0A00D,0xC0A0BB,0xC0A36D,0xC0A4CF,0xC0A53E,0xC0A5E8,0xC0A600,0xC0A810,
    0xC0A938,0xC0AB2B,0xC0B22F,0xC0B47D,0xC0B5CD,0xC0B658,0xC0B6F9,0xC0B883,
    0xC0BC9A,0xC0BDC8,0xC0BDD1,0xC0BFAC,0xC0BFC0,0xC0C1C0,0xC0C520,0xC0C522,
    0xC0C70A,0xC0C7DB,0xC0C9E3,0xC0CCF8,0xC0CDD6,0xC0CECD,0xC0D012,0xC0D026,
    0xC0D193,0xC0D2DD,0xC0D3C0,0xC0D46B,0xC0D5E2,0xC0DA5E,0xC0DCAB,0xC0DCD7,
    0xC0DCDA,0xC0E018,0xC0E1BE,0xC0E3FB,0xC0E42D,0xC0E579,0xC0E862,0xC0F2FB,
    0xC0F4E6,0xC0F6C2,0xC0F6EC,0xC0F853,0xC0F87F,0xC0F9B0,0xC0FFA8,0xC0FFD4,
    0xC4017C,0xC403A8,0xC40415,0xC40528,0xC40683,0xC4072F,0xC40ACB,0xC40B31,
    0xC40BCB,0xC40D96,0xC40F08,0xC4108A,0xC41234,0xC412EC,0xC412F5,0xC41411,
    0xC4143C,0xC414A2,0xC41688,0xC4168F,0xC416C8,0xC4170E,0xC418E9,0xC418FC,
    0xC41C07,0xC42155,0xC42360,0xC4278C,0xC42AD0,0xC42B44,0xC42C03,0xC4345B,
    0xC4346B,0xC435D9,0xC4366C,0xC43875,0xC43ABE,0xC43D1A,0xC43DC7,0xC43EAB,
    0xC4411E,0xC44202,0xC4438F,0xC4447D,0xC444A0,0xC44606,0xC4473F,0xC4474E,
    0xC4491B,0xC44B31,0xC44D84,0xC44F33,0xC44F5F,0xC45006,0xC4524F,0xC4550D,
    0xC4576E,0xC457CD,0xC45A86,0xC45BAC,0xC45BBE,0xC45D83,0xC45E5C,0xC4618B,
    0xC462EA,0xC463C4,0xC46413,0xC46516,0xC467D1,0xC46940,0xC469F0,0xC46AB7,
    0xC46DD1,0xC46E1F,0xC4710F,0xC47154,0xC471FE,0xC47295,0xC4731E,0xC475AB,
    0xC475EA,0xC47764,0xC478A2,0xC47BE3,0xC47D4F,0xC47D9F,0xC47EE0,0xC48025,
    0xC482E1,0xC48466,0xC484FC,0xC48508,0xC486E9,0xC488E5,0xC48BA3,0xC4910C,
    0xC493BB,0xC493D9,0xC49500,0xC4969F,0xC49880,0xC49A02,0xC49A31,0xC49D08,
    0xC49E7E,0xC49F4C,0xC4A1AE,0xC4A402,0xC4A81D,0xC4AA43,0xC4AA99,0xC4AB4D,
    0xC4ACAA,0xC4AD34,0xC4AE12,0xC4B1D9,0xC4B239,0xC4B301,0xC4B349,0xC4B36A,
    0xC4B8B4,0xC4B9CD,0xC4BB03,0xC4BDE5,0xC4C17D,0xC4C36B,0xC4C603,0xC4D0E3,
    0xC4D438,0xC4D666,0xC4D738,0xC4D8D4,0xC4D8D5,0xC4D987,0xC4DB04,0xC4DD57,
    0xC4DE7B,0xC4DEE2,0xC4E287,0xC4E90A,0xC4E984,0xC4EB81,0xC4EF3D,0xC4F081,
    0xC4F445,0xC4F7C1,0xC4F7D5,0xC4FBAA,0xC4FF1F,0xC4FF22,0xC4FF99,0xC80084,
    0xC80210,0xC803F5,0xC80873,0xC808E9,0xC809A8,0xC80CC8,0xC8102F,0xC8120B,
    0xC81451,0xC81479,0xC8154E,0xC819F7,0xC81EE7,0xC81FBE,0xC81FE8,0xC82158,
    0xC82832,0xC828E5,0xC82A14,0xC82ADD,0xC82B96,0xC82E18,0xC83049,0xC8334B,
    0xC83374,0xC833E5,0xC8348E,0xC834E5,0xC83870,0xC839AC,0xC83A6B,0xC83C85,
    0xC83DDC,0xC83E9E,0xC83FB4,0xC8418A,0xC84709,0xC84805,0xC84AA0,0xC84C75,
    0xC850CE,0xC85142,0xC85195,0xC85261,0xC8544B,0xC858B3,0xC858C0,0xC85CCC,
    0xC85EA9,0xC86000,0xC8608F,0xC86340,0xC863F1,0xC863FC,0xC868DE,0xC869CD,
    0xC86C3D,0xC86C87,0xC86E08,0xC86F1D,0xC875DD,0xC8787D,0xC878F7,0xC87E75,
    0xC87F54,0xC8806D,0xC88234,0xC8848C,0xC884A1,0xC884CF,0xC88541,0xC88550,
    0xC889F3,0xC88A7B,0xC88A9A,0xC88D83,0xC8908A,0xC890F7,0xC89143,0xC894BB,
    0xC895CE,0xC89C1D,0xC89D18,0xC89E43,0xC89F1A,0xC8A608,0xC8A6EF,0xC8A776,
    0xC8A823,0xC8AA21,0xC8B1CD,0xC8B29B,0xC8B373,0xC8B5AD,0xC8B5B7,0xC8B6D3,
    0xC8B78A,0xC8BA94,0xC8BB81,0xC8BC9C,0xC8BCC8,0xC8BD4D,0xC8BD69,0xC8BE19,
    0xC8BF4C,0xC8BFFE,0xC8C2FA,0xC8C465,0xC8C9A3,0xC8C9B2,0xC8CA63,0xC8CB9E,
    0xC8CBB8,0xC8D083,0xC8D15E,0xC8D1A9,0xC8D3A3,0xC8D3FF,0xC8D719,0xC8D7B0,
    0xC8D9D2,0xC8DA29,0xC8E0EB,0xC8E265,0xC8E31D,0xC8E5E0,0xC8E600,0xC8EA71,
    0xC8ED8B,0xC8F09E,0xC8F319,0xC8F650,0xC8F733,0xC8F9F9,0xCC033D,0xCC03D9,
    0xCC051B,0xCC0577,0xCC07AB,0xCC087B,0xCC088D,0xCC08E0,0xCC08FA,0xCC08FB,
    0xCC115A,0xCC1531,0xCC167E,0xCC1B5A,0xCC1E56,0xCC1E97,0xCC208C,0xCC20AC,
    0xCC20E8,0xCC2119,0xCC2293,0xCC22FE,0xCC25EF,0xCC2746,0xCC28AA,0xCC29F5,
    0xCC2D8C,0xCC2DB7,0xCC2DD2,0xCC2DE0,0xCC2F71,0xCC3296,0xCC32E5,0xCC3429,
    0xCC35D9,0xCC36CF,0xCC38E1,0xCC3A61,0xCC3D82,0xCC3DD1,0xCC3E5F,0xCC3E79,
    0xCC3F36,0xCC40D0,0xCC4210,0xCC4460,0xCC4463,0xCC464E,0xCC46D6,0xCC4B04,
    0xCC4D75,0xCC50E3,0xCC53B5,0xCC5A53,0xCC5B31,0xCC5C61,0xCC5D4E,0xCC6023,
    0xCC64A6,0xCC65AD,0xCC660A,0xCC68B6,0xCC68C7,0xCC68E0,0xCC69FA,0xCC6A33,
    0xCC6DA0,0xCC6E2A,0xCC6EA4,0xCC70ED,0xCC722A,0xCC75E2,0xCC785F,0xCC79D7,
    0xCC7B5C,0xCC7D37,0xCC7E1F,0xCC7F75,0xCC7F76,0xCC808F,0xCC817D,0xCC8826,
    0xCC88C7,0xCC895E,0xCC8A84,0xCC8CBF,0xCC8DA2,0xCC8E71,0xCC9070,0xCC9096,
    0xCC915B,0xCC96A0,0xCC988B,0xCC9891,0xCC9C3E,0xCC9E00,0xCC9EA2,0xCCA223,
    0xCCA462,0xCCA7C1,0xCCAFE3,0xCCB0A8,0xCCB11A,0xCCB182,0xCCB255,0xCCB5D1,
    0xCCB6C8,0xCCB775,0xCCB7C4,0xCCBA6F,0xCCBA97,0xCCBABD,0xCCBBFE,0xCCBC2B,
    0xCCBCE3,0xCCBE61,0xCCC760,0xCCC95D,0xCCCC81,0xCCD083,0xCCD281,0xCCD342,
    0xCCD539,0xCCD73C,0xCCD843,0xCCD8C1,0xCCD9AC,0xCCDA20,0xCCDB93,0xCCDBA7,
    0xCCE686,0xCCE9FA,0xCCEB5E,0xCCED4D,0xCCEF48,0xCCF411,0xCCF735,0xCCF826,
    0xCCF9E4,0xCCF9E8,0xCCF9F0,0xCCFA00,0xCCFA66,0xCCFB65,0xCCFE3C,0xCCFF90,
    0xD0034B,0xD003DF,0xD00477,0xD004B0,0xD005E4,0xD009C8,0xD00DF7,0xD011E5,
    0xD013FD,0xD015A6,0xD016B4,0xD0176A,0xD017C2,0xD01B49,0xD021F9,0xD022BE,
    0xD023DB,0xD02544,0xD02598,0xD02B20,0xD02C39,0xD02DB3,0xD03169,0xD032C3,
    0xD032E7,0xD03311,0xD03745,0xD039B3,0xD039FA,0xD03C1F,0xD03E07,0xD03E5C,
    0xD03FAA,0xD04D2C,0xD04D86,0xD04DC6,0xD04E99,0xD04F58,0xD04F7E,0xD05162,
    0xD05509,0xD056FB,0xD0574C,0xD0577B,0xD0577E,0xD058A5,0xD059E4,0xD06158,
    0xD06544,0xD06578,0xD065CA,0xD0667B,0xD06726,0xD069C1,0xD06B78,0xD06DC8,
    0xD06F82,0xD072DC,0xD07380,0xD076E7,0xD07AB5,0xD07D33,0xD07E01,0xD07E28,
    0xD07E35,0xD07FA0,0xD0817A,0xD082E8,0xD082EB,0xD08543,0xD087E2,0xD0880C,
    0xD09282,0xD094CF,0xD09AAF,0xD09C7A,0xD0A5A6,0xD0A637,0xD0ABD5,0xD0AE05,
    0xD0B128,0xD0B324,0xD0B45D,0xD0BF9C,0xD0C050,0xD0C1B1,0xD0C1BF,0xD0C24E,
    0xD0C282,0xD0C5F3,0xD0C637,0xD0C65B,0xD0C67F,0xD0C789,0xD0C7C0,0xD0CDBF,
    0xD0CEC0,0xD0CF13,0xD0D003,0xD0D04B,0xD0D0FD,0xD0D23C,0xD0D2B0,0xD0D3E0,
    0xD0D49F,0xD0D783,0xD0D7BE,0xD0DAD7,0xD0DC2C,0xD0DFC7,0xD0E042,0xD0E140,
    0xD0E54D,0xD0E581,0xD0EA11,0xD0EC35,0xD0EF76,0xD0EFC1,0xD0F3F5,0xD0F4F7,
    0xD0F815,0xD0FCCC,0xD0FF98,0xD4016D,0xD401C3,0xD404CD,0xD40592,0xD40598,
    0xD40AA9,0xD40F9E,0xD411A3,0xD4126E,0xD41761,0xD41972,0xD41AD1,0xD4258B,
    0xD42B6F,0xD42C0F,0xD42C44,0xD42CA6,0xD42DCC,0xD42FCA,0xD43538,0xD4389C,
    0xD43A2C,0xD43B04,0xD43DF3,0xD43FCB,0xD440F0,0xD4438A,0xD44649,0xD446E1,
    0xD44F67,0xD4532A,0xD4548B,0xD45763,0xD45D64,0xD45EEC,0xD45F7A,0xD4612E,
    0xD4619D,0xD461DA,0xD462EA,0xD463C0,0xD46624,0xD4684D,0xD468AA,0xD46A35,
    0xD46AA8,0xD46BA6,0xD46C6D,0xD46D50,0xD46D6D,0xD46E0E,0xD46E5C,0xD47327,
    0xD47415,0xD476A0,0xD47798,0xD4789B,0xD47954,0xD47AE2,0xD47F35,0xD48564,
    0xD487D8,0xD48866,0xD48890,0xD489C1,0xD48A39,0xD48AFC,0xD48C49,0xD48CB5,
    0xD48D26,0xD48FA2,0xD4909C,0xD4910F,0xD49400,0xD494A9,0xD494E8,0xD4970B,
    0xD49A20,0xD49DC0,0xD49FDD,0xD4A02A,0xD4A148,0xD4A254,0xD4A33D,0xD4A365,
    0xD4A651,0xD4A923,0xD4AB61,0xD4AB82,0xD4AD71,0xD4ADBD,0xD4AE05,0xD4B110,
    0xD4B27A,0xD4B4C0,0xD4BBE6,0xD4BD4F,0xD4BEDC,0xD4C19E,0xD4C93C,0xD4C9EF,
    0xD4CA6D,0xD4CE40,0xD4D252,0xD4D4DA,0xD4D51B,0xD4D6DF,0xD4D748,0xD4D853,
    0xD4D892,0xD4DA21,0xD4DCCD,0xD4E053,0xD4E22F,0xD4E6B7,0xD4E880,0xD4E8B2,
    0xD4E98A,0xD4E9F4,0xD4EB68,0xD4F057,0xD4F0EA,0xD4F242,0xD4F32D,0xD4F46F,
    0xD4F547,0xD4F5EF,0xD4F7D5,0xD4F98D,0xD4F9A1,0xD4FB8E,0xD4FF1A,0xD8004D,
    0xD801D0,0xD807B6,0xD80831,0xD80A60,0xD80B9A,0xD80D17,0xD8109F,0xD8132A,
    0xD8150D,0xD81BB5,0xD81C79,0xD81D72,0xD81F12,0xD820A2,0xD824BD,0xD82522,
    0xD82918,0xD829F8,0xD83062,0xD83134,0xD831CF,0xD832E3,0xD838FC,0xD83BBF,
    0xD83BDA,0xD84008,0xD84489,0xD846CE,0xD84732,0xD847BB,0xD8490B,0xD84C90,
    0xD84FB8,0xD850E6,0xD853AD,0xD85437,0xD854F2,0xD85575,0xD857EF,0xD85982,
    0xD85B2A,0xD85D4C,0xD862CA,0xD86375,0xD867D3,0xD867D9,0xD86852,0xD868A0,
    0xD868C3,0xD86B83,0xD86BF7,0xD86C63,0xD86D17,0xD87154,0xD87475,0xD874DF,
    0xD876AE,0xD880DC,0xD885AC,0xD88863,0xD88ADC,0xD88C79,0xD88F76,0xD890E8,
    0xD8912A,0xD89333,0xD893D4,0xD89403,0xD89695,0xD89B3B,0xD89D13,0xD89D67,
    0xD89E3F,0xD89E61,0xD8A01D,0xD8A25E,0xD8A35C,0xD8A491,0xD8B053,0xD8B190,
    0xD8B1DE,0xD8B249,0xD8B370,0xD8BB2C,0xD8BC38,0xD8BE1F,0xD8BE65,0xD8BF42,
    0xD8BFC0,0xD8C262,0xD8C4E9,0xD8C771,0xD8C7C8,0xD8C80C,0xD8C960,0xD8CC98,
    0xD8CE3A,0xD8CF9C,0xD8D1CB,0xD8D385,0xD8D43C,0xD8D668,0xD8DAF1,0xD8DC40,
    0xD8DE3A,0xD8E0E1,0xD8E35E,0xD8E374,0xD8E593,0xD8EB46,0xD8EC5E,0xD8ECE5,
    0xD8EDA8,0xD8EF42,0xD8F12E,0xD8F15B,0xD8F2CA,0xD8F883,0xD8FBD6,0xD8FC92,
    0xD8FC93,0xD8FEE3,0xDC0077,0xDC0398,0xDC0539,0xDC0675,0xDC080F,0xDC094C,
    0xDC0A69,0xDC0B09,0xDC0B34,0xDC0C5C,0xDC1057,0xDC121D,0xDC16B2,0xDC1BA1,
    0xDC1ED5,0xDC2148,0xDC215C,0xDC21E2,0xDC2727,0xDC2B2A,0xDC2B61,0xDC2C6E,
    0xDC2D3C,0xDC333D,0xDC3714,0xDC3979,0xDC3A5E,0xDC415F,0xDC41A9,0xDC42C8,
    0xDC44B6,0xDC4517,0xDC4546,0xDC45B8,0xDC4628,0xDC4A3E,0xDC4F22,0xDC5285,
    0xDC5360,0xDC5392,0xDC5475,0xDC54D7,0xDC55B1,0xDC56E7,0xDC5D89,0xDC6180,
    0xDC621F,0xDC6279,0xDC6672,0xDC680C,0xDC68EB,0xDC69CC,0xDC69E2,0xDC6AE7,
    0xDC6B1B,0xDC6DBC,0xDC7144,0xDC7196,0xDC71D0,0xDC729B,0xDC7385,0xDC74A8,
    0xDC774C,0xDC7794,0xDC7B94,0xDC7E1D,0xDC7EF5,0xDC8084,0xDC868D,0xDC86D8,
    0xDC87F8,0xDC8983,0xDC8B28,0xDC8C37,0xDC8E6D,0xDC9009,0xDC9088,0xDC9166,
    0xDC91BF,0xDC9396,0xDC9566,0xDC97BA,0xDC9914,0xDC9B9C,0xDC9C99,0xDC9DED,
    0xDC9E8F,0xDC9FDB,0xDCA0D0,0xDCA4CA,0xDCA5F4,0xDCA633,0xDCA782,0xDCA904,
    0xDCA971,0xDCAEEB,0xDCB4D9,0xDCB54F,0xDCB72E,0xDCB7AC,0xDCB87D,0xDCBBFA,
    0xDCC49C,0xDCC64B,0xDCCCE6,0xDCCD18,0xDCCEC1,0xDCCF96,0xDCD2FC,0xDCD2FD,
    0xDCD3A2,0xDCD444,0xDCD7A0,0xDCD83B,0xDCD916,0xDCDA0C,0xDCDB27,0xDCDCE2,
    0xDCE541,0xDCE55B,0xDCEAE7,0xDCEB94,0xDCED83,0xDCEE06,0xDCEF09,0xDCEF80,
    0xDCF4CA,0xDCF719,0xDCF756,0xDCFB48,0xDCFE18,0xE00084,0xE0036B,0xE005C5,
    0xE00630,0xE0071B,0xE00C7F,0xE00CE5,0xE00DEE,0xE00EDA,0xE0107F,0xE0150B,
    0xE0191D,0xE01ADF,0xE01CFC,0xE01F6A,0xE01F88,0xE02202,0xE023FF,0xE0247F,
    0xE02481,0xE02611,0xE0280A,0xE02861,0xE02A66,0xE02B96,0xE02BE9,0xE02E0B,
    0xE02E3F,0xE02F6D,0xE0338E,0xE03676,0xE03AAA,0xE03F49,0xE04007,0xE04027,
    0xE0469A,0xE046EE,0xE04BA6,0xE04E5D,0xE0553D,0xE05A1B,0xE05F45,0xE05FB9,
    0xE06267,0xE063DA,0xE063E5,0xE06678,0xE069BA,0xE06CC5,0xE06D17,0xE07256,
    0xE072A1,0xE07726,0xE0806B,0xE0854D,0xE0897E,0xE0899D,0xE08C3C,0xE08CFE,
    0xE08F4C,0xE091F5,0xE0925C,0xE09467,0xE09796,0xE09806,0xE09971,0xE09D13,
    0xE09D31,0xE0A3AC,0xE0AA96,0xE0ACCB,0xE0ACF1,0xE0AD9B,0xE0AEA2,0xE0B52D,
    0xE0B55F,0xE0B655,0xE0B70A,0xE0B7B1,0xE0B9BA,0xE0BA78,0xE0BDA0,0xE0BFB2,
    0xE0C250,0xE0C264,0xE0C377,0xE0C3EA,0xE0C767,0xE0C932,0xE0C97A,0xE0CB1D,
    0xE0CB4E,0xE0CBBC,0xE0CBEE,0xE0CC7A,0xE0CCF8,0xE0CDB8,0xE0D045,0xE0D083,
    0xE0D173,0xE0D362,0xE0D3B4,0xE0D462,0xE0D464,0xE0D491,0xE0D4E8,0xE0D55D,
    0xE0DA90,0xE0DB10,0xE0DCFF,0xE0E0FC,0xE0E258,0xE0E2E6,0xE0E37C,0xE0E751,
    0xE0EB40,0xE0EFBF,0xE0F330,0xE0F442,0xE0F5C6,0xE0F6B5,0xE0F728,0xE0F847,
    0xE4013B,0xE4029B,0xE406E0,0xE4072B,0xE407B4,0xE40A16,0xE40D36,0xE40EEE,
    0xE41088,0xE4115B,0xE4121D,0xE4135C,0xE4186B,0xE419C1,0xE41B43,0xE41F7B,
    0xE41FD5,0xE425E7,0xE4268B,0xE42B34,0xE42F37,0xE432CB,0xE43493,0xE435C8,
    0xE4379F,0xE4387E,0xE43883,0xE43A85,0xE43EC6,0xE440E2,0xE442A6,0xE44389,
    0xE443CF,0xE44519,0xE446DA,0xE44AE0,0xE44E2D,0xE450EB,0xE45341,0xE454E5,
    0xE455A8,0xE45740,0xE458B8,0xE458E7,0xE45D75,0xE45E1B,0xE45E37,0xE46017,
    0xE462C4,0xE46449,0xE465B8,0xE468A3,0xE46F13,0xE47010,0xE470B8,0xE472E2,
    0xE47319,0xE47684,0xE47727,0xE47CF9,0xE47DBD,0xE47E66,0xE48210,0xE48326,
    0xE48399,0xE484D3,0xE489CA,0xE48B7F,0xE48D8C,0xE48EC5,0xE48F1D,0xE4902A,
    0xE490FD,0xE49282,0xE492E7,0xE492FB,0xE498D6,0xE4995F,0xE49A79,0xE49ADC,
    0xE49C67,0xE49F1E,0xE49F7D,0xE4A41C,0xE4A430,0xE4A471,0xE4A7A0,0xE4A7C5,
    0xE4A7D0,0xE4A8B6,0xE4AA5D,0xE4AAE4,0xE4AEE4,0xE4B021,0xE4B063,0xE4B107,
    0xE4B16C,0xE4B224,0xE4B2FB,0xE4B318,0xE4B323,0xE4B555,0xE4BCAA,0xE4BEFB,
    0xE4C0FE,0xE4C2D1,0xE4C32A,0xE4C63D,0xE4C722,0xE4C767,0xE4CE8F,0xE4D332,
    0xE4D373,0xE4D398,0xE4D3F1,0xE4DB6D,0xE4DC43,0xE4DCCC,0xE4DE40,0xE4E0A6,
    0xE4E0C5,0xE4E4AB,0xE4E749,0xE4ECE8,0xE4F042,0xE4F3C4,0xE4F4C6,0xE4F75B,
    0xE4F89C,0xE4F8EF,0xE4FAC4,0xE4FAED,0xE4FAFD,0xE4FB5D,0xE4FD45,0xE4FDA1,
    0xE4FE43,0xE8039A,0xE8040B,0xE80462,0xE80688,0xE80690,0xE8088B,0xE80AB9,
    0xE81098,0xE81132,0xE8136E,0xE81656,0xE81CA5,0xE81CBA,0xE81CD8,0xE81DA8,
    0xE81E92,0xE82689,0xE8288D,0xE82AEA,0xE82BC5,0xE831CD,0xE83381,0xE83617,
    0xE8377A,0xE83935,0xE83A12,0xE83DC1,0xE83EFC,0xE83F67,0xE84040,0xE848B8,
    0xE84A54,0xE84A78,0xE84C4A,0xE84D74,0xE84DD0,0xE84E84,0xE84EBA,0xE84ECE,
    0xE84FA7,0xE8508B,0xE85497,0xE85A8B,0xE85B5B,0xE85C0A,0xE85F02,0xE85FB4,
    0xE862BE,0xE86549,0xE86819,0xE868E7,0xE86BEA,0xE86D52,0xE86DCB,0xE86DE9,
    0xE86E3A,0xE87072,0xE87865,0xE879A3,0xE87E1C,0xE87EEF,0xE87F6B,0xE87F95,
    0xE8802E,0xE880E7,0xE88152,0xE8825B,0xE884A5,0xE884C6,0xE8854B,0xE88843,
    0xE8892C,0xE88D28,0xE892A4,0xE89309,0xE894F6,0xE89847,0xE898EE,0xE89C25,
    0xE89F6D,0xE89F80,0xE8A0CD,0xE8A34E,0xE8A660,0xE8A6CA,0xE8A730,0xE8AACB,
    0xE8ABF3,0xE8AC23,0xE8B0C5,0xE8B1FC,0xE8B2AC,0xE8B4C8,0xE8B748,0xE8BA17,
    0xE8BA70,0xE8BCE4,0xE8BDD1,0xE8BFB8,0xE8BFE1,0xE8C386,0xE8C3C5,0xE8C829,
    0xE8C913,0xE8CC18,0xE8CD2D,0xE8D322,0xE8D52B,0xE8D765,0xE8D775,0xE8D87E,
    0xE8DA20,0xE8DA3E,0xE8DB84,0xE8DC6C,0xE8DE27,0xE8E5D6,0xE8EA34,0xE8EA4D,
    0xE8EB34,0xE8ED05,0xE8EDD6,0xE8EDF3,0xE8F085,0xE8F2E2,0xE8F408,0xE8F60A,
    0xE8F654,0xE8F724,0xE8F72F,0xE8F791,0xE8F9D4,0xE8FA23,0xE8FBE9,0xE8FC5F,
    0xE8FCAF,0xE8FD35,0xE8FEBE,0xE8FF98,0xE8FFF4,0xEC01D5,0xEC0273,0xEC086B,
    0xEC0BAE,0xEC0D51,0xEC0DE4,0xEC1055,0xEC107B,0xEC172F,0xEC192E,0xEC1A02,
    0xEC1A59,0xEC1B5F,0xEC1D53,0xEC1D8B,0xEC1F72,0xEC2280,0xEC233D,0xEC2651,
    0xEC26CA,0xEC28D3,0xEC2BEB,0xEC2C0D,0xEC2C73,0xEC2CE2,0xEC3091,0xEC30B3,
    0xEC315F,0xEC33CC,0xEC3586,0xEC388F,0xEC3A52,0xEC3CBB,0xEC3EB3,0xEC4118,
    0xEC42CC,0xEC43F6,0xEC4476,0xEC4654,0xEC4C8C,0xEC4D3E,0xEC4D47,0xEC50AA,
    0xEC536F,0xEC551C,0xEC5623,0xEC58EA,0xEC5AA3,0xEC6073,0xEC6260,0xEC63D7,
    0xEC64C9,0xEC6794,0xEC7097,0xEC7379,0xEC748C,0xEC750C,0xEC753E,0xEC7C2C,
    0xEC7CB6,0xEC7CBA,0xEC8150,0xEC8152,0xEC819C,0xEC852F,0xEC888F,0xEC8914,
    0xEC8AC4,0xEC8C9A,0xEC8CA2,0xEC8E77,0xEC8EB5,0xEC90C1,0xEC94CB,0xEC97A2,
    0xEC9A74,0xEC9B75,0xEC9B8B,0xEC9BF3,0xECA138,0xECA1CC,0xECA1D1,0xECA62F,
    0xECA78D,0xECA907,0xECA940,0xECAA25,0xECAA8F,0xECADB8,0xECADE0,0xECB1D7,
    0xECB293,0xECB550,0xECB878,0xECB931,0xECB9A5,0xECBB78,0xECBD1D,0xECC018,
    0xECC01B,0xECC40D,0xECC5D2,0xECC882,0xECC9FF,0xECCB30,0xECCE13,0xECCED7,
    0xECD09F,0xECD508,0xECD61B,0xECDA3B,0xECDCAA,0xECDD24,0xECE09B,0xECE1A9,
    0xECE334,0xECE61D,0xECE7A7,0xECE9D2,0xECE9F5,0xECEBB8,0xECED04,0xECF33C,
    0xECF40C,0xECF8D0,0xECFA5C,0xECFABC,0xECFCC6,0xECFF3A,0xF003BC,0xF004E1,
    0xF0051B,0xF008D1,0xF008F1,0xF0090D,0xF00FEC,0xF0161D,0xF01898,0xF01AA0,
    0xF01C13,0xF01D2D,0xF01FC7,0xF020FF,0xF02475,0xF024F9,0xF02572,0xF0258E,
    0xF025B7,0xF0272D,0xF027A0,0xF02929,0xF02F4B,0xF02F74,0xF02F9E,0xF02FA7,
    0xF02FBA,0xF033E5,0xF037CF,0xF03965,0xF03E90,0xF03F95,0xF040D9,0xF0421C,
    0xF042F5,0xF04347,0xF04A02,0xF04F7C,0xF05501,0xF057A6,0xF05A09,0xF05B7B,
    0xF05C0E,0xF05C19,0xF05C77,0xF05CD5,0xF05D88,0xF061C0,0xF063F9,0xF065AE,
    0xF067B1,0xF06BCA,0xF06C5D,0xF06FCE,0xF0704F,0xF0728C,0xF072EA,0xF0766F,
    0xF077C3,0xF07807,0xF07816,0xF07959,0xF07960,0xF07D68,0xF07F06,0xF08173,
    0xF08756,0xF08A76,0xF0921C,0xF09838,0xF0989D,0xF099B6,0xF099BF,0xF09BB8,
    0xF09E4A,0xF09E63,0xF09E9E,0xF09FC2,0xF0A0B1,0xF0A225,0xF0A35A,0xF0A4EA,
    0xF0A731,0xF0A951,0xF0AF85,0xF0B052,0xF0B0E7,0xF0B13F,0xF0B2B9,0xF0B2E5,
    0xF0B3EC,0xF0B429,0xF0B479,0xF0B4D2,0xF0B61E,0xF0BDEE,0xF0BF97,0xF0C1F1,
    0xF0C371,0xF0C42F,0xF0C478,0xF0C725,0xF0C850,0xF0C8B5,0xF0CBA1,0xF0CD31,
    0xF0D018,0xF0D1A9,0xF0D2F1,0xF0D31F,0xF0D415,0xF0D5BF,0xF0D635,0xF0D793,
    0xF0D7EE,0xF0D805,0xF0DBE2,0xF0DBF8,0xF0DCE2,0xF0E426,0xF0E4A2,0xF0E77E,
    0xF0EE10,0xF0EE7A,0xF0EF86,0xF0F0A4,0xF0F336,0xF0F564,0xF0F5BD,0xF0F61C,
    0xF0F6C1,0xF0F755,0xF0F7E7,0xF0F7FC,0xF0F832,0xF0FAC7,0xF0FCC8,0xF0FEE7,
    0xF400A2,0xF40228,0xF40304,0xF4032A,0xF40343,0xF40616,0xF40669,0xF406A3,
    0xF409D8,0xF40E01,0xF40E22,0xF40E83,0xF40F1B,0xF40F24,0xF412FA,0xF414BF,
    0xF41A9C,0xF41BA1,0xF41D6B,0xF41E57,0xF41FC2,0xF421CA,0xF4248B,0xF425FE,
    0xF42679,0xF42A7D,0xF42B8C,0xF42DC9,0xF42E7F,0xF4308B,0xF430B9,0xF431C3,
    0xF43392,0xF433B7,0xF434F0,0xF437B7,0xF438C1,0xF43909,0xF439A6,0xF43BD8,
    0xF4419E,0xF4428F,0xF44588,0xF44637,0xF44C7F,0xF44D5C,0xF44E05,0xF44EE3,
    0xF45293,0xF453E4,0xF4559C,0xF45B29,0xF45BB4,0xF45C42,0xF45C89,0xF460E2,
    0xF462DC,0xF4631F,0xF46412,0xF4650B,0xF465A6,0xF46802,0xF46D04,0xF46D2F,
    0xF46D3F,0xF47190,0xF47470,0xF478AC,0xF47946,0xF47960,0xF47B09,0xF47B5E,
    0xF47D8F,0xF47DEF,0xF47F35,0xF481C4,0xF483CD,0xF4848D,0xF487C5,0xF48918,
    0xF48974,0xF48B32,0xF48C50,0xF48CEB,0xF48E92,0xF492BF,0xF49634,0xF49AB1,
    0xF49F54,0xF49FF3,0xF4A157,0xF4A1A6,0xF4A310,0xF4A475,0xF4A4D6,0xF4A59D,
    0xF4ACC1,0xF4AFE7,0xF4B24E,0xF4B301,0xF4B599,0xF4B78D,0xF4B821,0xF4BD9E,
    0xF4BEEC,0xF4BF80,0xF4C248,0xF4C714,0xF4C88A,0xF4CB52,0xF4CBE7,0xF4CE23,
    0xF4CE46,0xF4CFA2,0xF4CFE2,0xF4D108,0xF4D488,0xF4D9FB,0xF4DBE3,0xF4DBE6,
    0xF4DCF9,0xF4DD06,0xF4DEAF,0xF4E1FC,0xF4E2C6,0xF4E3FB,0xF4E451,0xF4E5F2,
    0xF4E8C7,0xF4EA67,0xF4EC38,0xF4EE31,0xF4F15A,0xF4F26D,0xF4F28A,0xF4F309,
    0xF4F50B,0xF4F5D8,0xF4F5DB,0xF4F5E8,0xF4F951,0xF4FBB8,0xF4FE3E,0xF4FEFB,
    0xF800A1,0xF80113,0xF801B4,0xF80377,0xF8042E,0xF8075D,0xF80BBE,0xF80BCB,
    0xF80CF3,0xF80DA9,0xF80F6F,0xF80FF9,0xF81093,0xF814DD,0xF81654,0xF8172D,
    0xF81A2B,0xF81A67,0xF81E49,0xF81EDF,0xF820A9,0xF823B2,0xF82793,0xF828C9,
    0xF8293A,0xF82AE2,0xF82B7F,0xF82D7C,0xF82DC0,0xF82E3F,0xF82F65,0xF832E4,
    0xF83441,0xF83869,0xF83880,0xF83918,0xF83B7E,0xF83DFF,0xF83E95,0xF83F51,
    0xF84288,0xF843EE,0xF843EF,0xF8461C,0xF84ABF,0xF84CDA,0xF84D89,0xF84E17,
    0xF84E58,0xF84E73,0xF84F57,0xF85329,0xF854B8,0xF85971,0xF85B1B,0xF85B6E,
    0xF85C24,0xF85EA0,0xF860F0,0xF86214,0xF8633F,0xF863D9,0xF8665A,0xF866F2,
    0xF868FF,0xF86BD9,0xF86EEE,0xF86FB0,0xF86FC1,0xF8710C,0xF871A6,0xF872EA,
    0xF87394,0xF873DF,0xF87588,0xF877B8,0xF87907,0xF8790A,0xF87A41,0xF87B20,
    0xF87B7A,0xF87D3F,0xF87D76,0xF88306,0xF884F2,0xF887F1,0xF88B37,0xF88C21,
    0xF88F07,0xF88FCA,0xF894C2,0xF89522,0xF895C7,0xF895EA,0xF896FE,0xF89753,
    0xF898B9,0xF898EF,0xF89A25,0xF89A78,0xF89E28,0xF89E94,0xF8A097,0xF8A45F,
    0xF8A5C5,0xF8A73A,0xF8A9D0,0xF8AB82,0xF8AC65,0xF8AF05,0xF8B132,0xF8B1DD,
    0xF8B22C,0xF8B3B7,0xF8B46A,0xF8B54D,0xF8B7E2,0xF8B95A,0xF8BF09,0xF8C288,
    0xF8C39E,0xF8C3CC,0xF8C650,0xF8C903,0xF8CB15,0xF8CE21,0xF8CF52,0xF8D0AC,
    0xF8D0BD,0xF8D111,0xF8D3F0,0xF8DE73,0xF8E252,0xF8E4E3,0xF8E57E,0xF8E5CE,
    0xF8E61A,0xF8E71E,0xF8E811,0xF8E903,0xF8E94E,0xF8E94F,0xF8EDA5,0xF8F1E6,
    0xF8F21E,0xF8F532,0xF8F58C,0xF8F7B9,0xF8FCE1,0xF8FE5E,0xF8FFC2,0xFC0012,
    0xFC012C,0xFC0296,0xFC039F,0xFC0736,0xFC0F76,0xFC0FE6,0xFC1193,0xFC122C,
    0xFC15B4,0xFC1803,0xFC183C,0xFC1910,0xFC1999,0xFC1A46,0xFC1BD1,0xFC1D3A,
    0xFC1D43,0xFC1F19,0xFC2120,0xFC22F4,0xFC253F,0xFC2640,0xFC2A9C,0xFC315D,
    0xFC3497,0xFC3CD7,0xFC3F7C,0xFC3FDB,0xFC4116,0xFC4203,0xFC4345,0xFC4482,
    0xFC47D8,0xFC48EF,0xFC492D,0xFC4CEF,0xFC4DA6,0xFC4E6D,0xFC4EA4,0xFC50D6,
    0xFC51A4,0xFC51B5,0xFC5557,0xFC589A,0xFC5B39,0xFC5B8C,0xFC5C45,0xFC643A,
    0xFC64BA,0xFC65B3,0xFC65DE,0xFC66CF,0xFC671F,0xFC6D77,0xFC6E83,0xFC6FB7,
    0xFC7288,0xFC73FB,0xFC7516,0xFC7774,0xFC79DD,0xFC7FF1,0xFC862A,0xFC8743,
    0xFC8827,0xFC8E7E,0xFC8F90,0xFC915D,0xFC931D,0xFC934E,0xFC936B,0xFC942E,
    0xFC9435,0xFC9947,0xFC9CA7,0xFC9DD2,0xFC9E53,0xFC9F2A,0xFCA0F3,0xFCA13E,
    0xFCA183,0xFCA27E,0xFCA5C8,0xFCA621,0xFCA667,0xFCA9F5,0xFCAA81,0xFCAAB6,
    0xFCAB90,0xFCAE34,0xFCB214,0xFCB3AA,0xFCB3BC,0xFCB467,0xFCB6D8,0xFCBCD1,
    0xFCC17D,0xFCC233,0xFCC734,0xFCC766,0xFCCA40,0xFCD733,0xFCD749,0xFCD848,
    0xFCD908,0xFCDE90,0xFCE1A6,0xFCE26C,0xFCE33C,0xFCE5F0,0xFCE8C0,0xFCE998,
    0xFCE9D8,0xFCEB7B,0xFCECDA,0xFCEFD7,0xFCF136,0xFCF152,0xFCF528,0xFCF5C4,
    0xFCF738,0xFCF77B,0xFCF8AE,0xFCFBFB,0xFCFC48,
};

// Vendor index into OUI_DATA_VENDORS, parallel to OUI_DATA_KEYS.
static const uint8_t OUI_DATA_VENDOR_IDX[] = {
    3,23,22,22,22,8,3,3,23,3,3,3,3,3,3,18,
    18,3,3,3,3,3,22,8,3,3,18,11,3,3,3,3,
    3,3,11,3,3,7,3,3,22,3,3,3,3,14,23,11,
    3,3,28,3,3,4,3,3,3,3,22,3,3,3,3,18,
    3,3,7,3,3,15,3,3,3,3,3,3,24,3,3,14,
    4,3,3,3,3,3,3,3,3,22,3,3,3,3,3,3,
    3,3,8,3,3,11,3,3,18,22,3,3,3,3,3,3,
    3,3,18,3,3,3,18,3,3,28,20,3,3,8,3,3,
    2,3,3,3,3,27,3,3,7,3,3,18,3,3,7,3,
    3,23,1,3,3,22,3,3,3,3,3,18,3,3,18,3,
    3,3,3,4,17,14,3,3,3,3,22,20,11,3,3,26,
    3,3,15,7,18,8,3,3,8,3,3,23,4,11,11,3,
    3,28,22,18,3,3,14,18,3,3,18,3,3,3,3,15,
    18,4,3,3,22,2,22,23,3,3,3,3,3,3,3,3,
    3,3,3,3,3,18,3,18,3,7,3,18,11,22,3,3,
    7,14,21,3,3,11,22,18,3,3,15,22,3,3,14,3,
    3,4,22,3,3,8,18,3,3,22,22,3,3,23,11,8,
    11,4,22,23,3,3,11,18,15,16,3,3,22,8,3,3,
    19,23,3,3,11,14,11,22,3,3,18,7,3,3,2,1,
    22,3,3,4,18,22,3,3,11,11,3,3,22,18,3,3,
    6,22,8,22,22,22,22,22,8,23,3,3,22,22,22,22,
    15,14,3,3,23,22,8,18,3,3,27,8,8,11,22,11,
    3,3,22,4,23,3,3,7,8,11,11,22,18,3,3,14,
    3,21,3,3,22,3,3,15,18,27,8,8,3,3,22,22,
    7,22,5,23,3,3,4,2,18,3,3,10,22,8,3,3,
    22,11,14,4,18,3,3,27,22,3,3,3,3,15,22,23,
    22,3,3,18,22,23,16,11,11,1,7,3,3,27,13,22,
    18,3,3,18,22,3,3,4,23,22,23,14,8,14,3,3,
    22,22,22,3,3,27,3,3,15,11,3,3,2,22,3,3,
    23,7,3,11,18,27,3,3,8,3,3,22,27,14,3,3,
    4,22,22,8,3,3,24,23,3,3,7,27,11,11,22,22,
    18,21,15,3,3,22,23,1,8,23,19,3,3,7,14,22,
    3,3,4,3,3,23,27,22,22,22,22,22,22,22,22,22,
    22,22,11,11,3,3,8,18,10,3,3,2,27,23,22,3,
    3,7,15,22,11,11,11,24,3,3,8,14,22,27,24,3,
    3,7,23,8,8,4,3,3,3,3,18,27,2,11,11,19,
    7,24,3,3,22,3,3,23,22,27,14,3,3,8,8,24,
    23,7,22,11,8,3,3,22,1,4,22,22,27,8,3,3,
    18,11,11,11,11,22,15,15,23,3,3,27,8,8,3,3,
    7,24,3,3,22,14,2,7,27,3,3,18,4,21,19,3,
    3,23,10,23,24,27,15,22,3,3,27,11,11,3,3,22,
    7,11,11,27,7,3,3,8,8,23,14,3,3,4,7,22,
    22,18,22,8,22,22,3,3,22,8,27,1,8,8,7,3,
    3,22,22,23,16,15,3,3,27,7,27,3,3,8,18,18,
    19,24,14,23,8,8,22,22,3,3,22,22,2,23,22,3,
    3,11,11,8,23,27,3,3,7,8,3,3,7,8,8,10,
    3,3,1,4,10,27,18,3,3,7,19,24,23,22,22,7,
    3,3,14,22,8,22,22,7,3,3,18,27,15,8,8,3,
    3,7,22,7,11,11,3,3,22,24,2,27,3,3,11,11,
    1,6,3,3,11,3,3,3,8,3,10,3,3,3,3,15,
    7,18,3,3,3,3,3,3,3,3,3,21,18,3,1,3,
    19,29,24,10,3,22,3,3,3,3,3,3,3,3,10,24,
    10,7,3,22,22,3,3,11,3,3,3,10,10,0,18,10,
    3,3,3,3,3,3,3,3,3,3,18,22,3,3,15,3,
    3,3,22,7,3,24,3,10,7,24,3,3,3,10,7,3,
    1,3,3,3,3,3,3,3,3,18,10,7,3,3,10,10,
    7,10,10,3,3,7,8,0,12,8,3,11,8,3,3,3,
    8,8,7,3,18,18,15,7,3,10,5,12,24,8,3,3,
    7,10,7,3,3,2,3,15,3,11,3,3,3,3,3,3,
    22,3,3,3,3,3,3,11,7,24,11,10,7,10,10,3,
    18,3,9,7,16,11,24,3,3,3,3,10,11,3,3,3,
    10,11,11,11,3,24,22,15,10,3,3,3,3,3,3,3,
    7,8,3,3,3,10,12,11,3,10,3,8,3,3,3,11,
    9,8,7,7,18,3,3,10,3,7,3,22,3,3,3,22,
    3,3,22,11,3,3,3,3,3,3,3,11,3,11,3,10,
    23,3,7,11,3,3,3,14,3,3,25,3,8,22,3,24,
    3,3,3,3,10,3,10,3,11,8,10,23,19,3,23,3,
    9,3,3,12,7,8,7,10,13,3,7,10,10,3,10,8,
    0,12,3,3,18,3,13,20,10,27,18,7,1,9,7,10,
    7,8,10,6,24,8,11,7,16,10,7,10,8,3,7,3,
    10,10,11,7,7,14,7,10,10,10,7,22,24,10,19,7,
    7,10,11,23,3,3,10,9,7,7,11,3,24,18,7,7,
    10,10,3,10,9,10,10,0,10,10,10,14,7,7,7,10,
    2,11,3,10,9,10,9,8,0,8,7,8,10,8,15,7,
    10,18,3,8,10,16,7,10,10,3,9,1,13,10,8,10,
    11,9,9,11,10,7,14,20,8,14,3,7,3,8,7,9,
    10,11,11,3,11,11,10,11,7,10,10,17,23,7,10,1,
    8,3,10,10,7,18,22,23,10,8,2,26,8,3,8,11,
    12,8,10,3,18,10,10,9,1,3,8,10,7,9,7,16,
    10,7,10,18,10,10,10,2,8,0,0,8,22,3,10,3,
    3,10,17,1,12,15,20,11,10,7,14,7,14,10,3,7,
    7,5,11,12,7,10,7,10,5,11,7,8,10,10,12,3,
    12,10,12,21,7,13,8,11,7,12,12,0,10,10,7,3,
    3,18,11,13,10,8,12,0,10,0,8,9,10,13,11,0,
    2,8,14,10,10,12,8,7,7,3,3,3,0,11,11,8,
    24,10,10,7,7,10,10,11,10,8,3,8,5,18,3,10,
    7,3,7,7,0,10,8,8,10,7,8,9,10,15,10,3,
    18,8,7,7,10,10,7,9,10,3,3,10,7,10,8,7,
    10,8,10,7,7,10,12,10,12,24,1,7,0,10,7,7,
    7,11,10,3,7,7,23,10,8,1,7,3,7,11,5,22,
    1,1,10,10,10,3,7,8,0,10,11,8,5,10,11,10,
    18,9,11,14,7,8,11,3,8,10,10,15,22,10,10,10,
    0,7,10,13,7,10,9,11,7,3,11,3,10,7,3,7,
    0,12,11,8,8,7,10,7,10,10,6,22,9,12,1,9,
    19,3,22,10,23,7,0,10,11,22,3,0,3,8,12,11,
    2,2,10,10,7,18,8,18,0,10,1,7,8,9,8,11,
    7,7,8,10,10,8,10,8,11,9,7,7,7,10,10,10,
    11,18,23,11,10,0,0,10,22,3,26,29,1,10,11,18,
    18,15,10,24,10,16,8,14,16,14,7,22,10,10,8,3,
    8,10,0,11,8,22,7,7,10,12,3,0,11,7,10,7,
    7,7,7,10,7,10,11,3,0,11,8,12,10,3,3,3,
    0,7,7,10,3,7,0,15,14,12,10,9,14,10,16,10,
    10,12,7,7,8,8,29,13,2,10,7,7,22,7,3,8,
    3,18,10,8,11,19,24,3,11,3,24,10,1,8,18,10,
    7,0,10,12,8,7,10,7,3,11,3,7,7,8,7,13,
    10,7,0,7,10,8,0,16,7,16,10,10,11,23,10,10,
    10,9,8,11,10,10,10,8,10,18,2,7,22,10,10,7,
    0,10,11,1,18,10,7,7,18,24,7,3,7,11,1,7,
    7,10,8,10,7,7,9,12,21,7,7,8,7,9,7,10,
    10,7,8,5,10,3,10,8,10,10,8,10,11,18,22,8,
    7,10,10,8,3,7,22,13,0,7,16,7,24,1,1,22,
    7,10,10,7,10,22,7,15,1,9,10,14,14,10,8,3,
    1,10,1,7,8,9,11,10,23,9,10,12,10,15,8,8,
    11,8,7,22,8,8,11,8,8,10,27,14,7,10,3,7,
    22,8,10,10,11,7,8,7,8,12,7,19,8,8,8,7,
    10,11,7,9,3,8,11,18,18,7,8,1,8,29,10,12,
    18,19,7,3,7,8,9,8,0,3,3,11,22,3,10,7,
    7,1,18,10,8,7,7,10,22,8,7,10,10,8,10,10,
    11,8,10,10,18,1,10,10,29,10,8,7,3,7,7,6,
    10,7,3,9,7,1,7,3,7,17,0,11,24,6,7,10,
    7,12,10,10,22,10,3,7,22,11,10,3,7,10,10,3,
    8,9,18,0,9,18,10,8,7,19,8,1,7,10,10,10,
    10,1,27,10,12,11,13,7,10,8,7,15,1,7,10,8,
    8,10,0,6,7,3,10,7,10,16,8,7,23,15,10,3,
    7,8,14,0,9,7,10,0,29,7,7,22,12,18,11,10,
    0,7,10,3,7,10,8,8,15,7,10,14,10,19,15,11,
    18,20,0,9,20,15,3,24,0,3,3,7,0,10,8,5,
    8,7,10,10,3,3,9,13,10,7,8,7,1,3,10,12,
    10,7,10,3,10,27,2,7,12,8,10,7,8,11,24,7,
    27,10,11,13,24,1,0,9,8,10,10,8,7,8,7,13,
    9,9,1,3,7,3,11,9,8,7,22,10,24,0,7,9,
    18,3,2,0,7,10,23,10,8,19,10,8,8,10,18,7,
    1,10,8,0,9,22,7,7,7,11,7,9,7,10,7,10,
    7,9,0,7,10,18,12,10,7,7,9,10,18,10,10,4,
    7,10,10,3,11,12,11,10,7,3,8,14,3,8,12,8,
    0,10,8,3,1,10,10,13,1,7,10,2,22,0,7,7,
    26,13,3,10,22,29,22,10,9,7,7,12,10,10,10,3,
    13,8,10,8,22,0,9,8,10,3,10,3,8,10,7,7,
    10,23,7,8,10,10,13,10,3,7,10,1,10,10,3,10,
    11,10,10,10,10,8,8,10,14,10,0,12,7,0,6,1,
    8,7,10,7,10,10,8,0,10,18,9,10,8,8,1,10,
    10,3,7,0,10,3,10,11,10,19,3,10,3,10,10,8,
    22,13,10,10,7,0,22,7,6,8,10,10,10,7,0,7,
    3,3,10,18,8,8,19,12,9,7,9,3,3,0,10,10,
    8,0,18,10,10,15,10,7,13,24,3,10,10,11,10,0,
    11,7,8,18,8,21,8,10,7,10,8,7,7,8,0,8,
    7,11,23,24,15,11,10,9,11,10,10,10,12,8,16,10,
    1,10,7,10,10,10,3,7,10,10,0,7,8,15,10,8,
    23,23,10,10,10,10,7,7,10,3,10,10,0,7,9,7,
    10,10,10,7,7,11,3,9,10,3,6,8,12,7,10,22,
    11,18,2,10,8,7,0,24,1,7,7,1,11,18,3,2,
    3,11,10,8,10,8,7,11,11,10,10,3,8,3,11,19,
    10,3,8,13,10,7,8,7,11,11,2,7,3,22,8,27,
    7,7,11,9,10,7,10,10,8,18,10,11,7,7,9,10,
    10,8,7,7,7,7,1,12,7,7,22,10,7,22,3,10,
    10,9,10,3,10,11,9,8,27,8,10,7,9,10,3,7,
    22,7,7,10,18,10,18,24,2,3,7,3,11,7,10,3,
    10,10,0,3,5,3,8,18,8,18,14,3,10,3,24,10,
    14,3,7,22,10,24,18,3,19,7,10,3,10,11,11,12,
    3,7,18,10,1,11,7,22,7,7,3,11,10,7,22,10,
    23,22,8,10,23,22,10,22,3,10,10,10,19,3,8,2,
    7,29,10,10,8,7,0,7,7,10,19,17,10,7,23,10,
    3,9,8,11,7,10,3,6,19,11,10,10,10,7,7,10,
    0,3,3,14,9,3,11,8,7,7,24,7,16,23,8,10,
    18,21,11,10,0,24,7,10,3,10,23,11,5,7,11,18,
    10,2,29,10,12,10,9,7,14,22,10,8,7,10,1,26,
    8,8,10,23,24,0,10,7,10,7,0,14,10,19,11,10,
    15,27,10,3,18,10,10,7,7,10,10,8,10,7,10,10,
    10,7,23,10,24,10,8,0,1,24,1,16,7,10,14,0,
    8,0,8,8,8,10,10,7,8,8,7,7,7,1,8,13,
    7,18,7,11,10,11,10,3,10,10,0,10,18,11,3,7,
    23,10,1,24,13,10,7,3,10,10,11,15,15,7,15,10,
    7,7,10,7,10,11,8,19,7,3,9,10,22,19,8,12,
    10,7,10,7,22,8,10,11,27,8,7,10,7,13,18,10,
    11,7,10,24,10,10,7,3,5,10,3,3,26,0,1,3,
    18,10,7,10,10,10,3,3,10,3,10,22,7,11,10,28,
    9,7,8,10,0,0,3,18,10,8,7,15,19,0,10,1,
    14,0,2,10,10,7,3,10,7,8,7,0,27,12,7,10,
    10,0,0,3,9,3,8,7,8,7,8,3,18,13,11,0,
    10,9,11,12,10,7,3,13,11,11,7,8,11,24,1,3,
    7,10,9,8,8,11,10,11,7,1,7,3,9,19,18,24,
    7,11,7,10,11,8,7,7,8,8,3,7,10,18,24,8,
    18,0,23,11,3,29,10,3,18,10,14,29,8,8,24,17,
    10,10,0,10,28,0,19,10,7,8,10,22,10,10,7,7,
    18,7,7,11,8,8,22,10,12,22,27,10,7,10,23,11,
    7,1,5,13,11,10,7,7,8,13,24,8,8,10,3,3,
    8,2,10,8,7,18,10,9,29,3,8,10,7,11,10,18,
    20,9,7,9,27,7,7,10,8,14,11,7,9,18,10,7,
    8,3,10,12,10,10,7,10,10,11,3,19,23,22,8,10,
    7,1,7,23,7,3,8,29,0,3,0,9,10,3,7,10,
    8,15,7,8,11,7,10,3,13,8,9,7,7,7,10,13,
    8,15,7,10,22,2,10,9,23,7,7,3,22,19,1,10,
    18,10,7,7,3,18,1,10,3,8,11,10,8,13,12,3,
    0,8,1,10,10,1,11,1,7,0,22,10,10,1,22,14,
    7,9,0,1,10,0,3,8,13,10,10,10,11,10,8,10,
    10,7,18,10,27,11,7,9,10,10,8,9,24,7,7,10,
    10,7,7,9,10,24,3,7,18,0,8,7,3,22,10,7,
    12,10,18,0,11,11,10,16,8,10,11,10,10,7,11,3,
    10,3,10,3,9,22,8,10,8,3,10,8,14,1,11,10,
    0,10,11,7,10,5,22,23,0,24,7,9,7,8,10,7,
    1,23,10,3,10,27,10,16,22,0,7,10,10,24,3,2,
    8,10,3,7,10,22,7,11,10,7,10,7,15,7,12,10,
    0,7,1,7,15,7,12,11,13,10,11,7,3,18,12,1,
    18,14,24,10,7,7,12,3,10,10,22,19,23,18,7,10,
    7,11,10,7,3,11,7,27,7,8,24,7,10,8,18,7,
    8,10,11,11,1,7,10,10,3,27,3,3,0,12,7,22,
    7,12,10,11,3,10,13,10,7,10,13,18,8,0,7,3,
    7,0,0,19,18,10,9,7,10,24,7,3,10,18,10,22,
    7,11,12,12,18,11,9,7,7,8,8,10,10,9,10,18,
    8,16,7,16,3,12,1,10,10,22,8,12,10,9,23,10,
    10,8,0,12,10,11,3,3,8,7,2,10,7,10,10,7,
    10,11,2,7,7,22,3,3,10,11,0,1,10,12,3,13,
    0,9,10,3,10,10,10,8,7,10,24,9,3,23,12,10,
    7,6,7,10,9,22,9,3,11,10,7,7,10,8,7,7,
    8,9,7,18,10,3,10,10,7,1,18,10,10,8,3,1,
    10,7,10,0,8,9,10,3,18,10,27,0,10,7,10,7,
    10,20,7,10,8,0,10,11,10,7,12,8,11,10,10,10,
    10,8,18,7,10,10,22,8,11,11,0,10,24,14,1,12,
    24,7,8,10,10,11,10,5,3,7,12,8,10,1,3,10,
    9,11,3,10,10,17,24,3,8,0,8,18,3,7,11,10,
    27,28,7,17,10,11,0,10,12,18,7,18,8,10,7,1,
    8,0,7,10,10,22,10,13,7,10,10,18,11,7,7,0,
    7,16,15,8,10,11,27,0,10,4,10,10,10,9,3,3,
    9,11,11,1,0,22,12,11,10,7,23,10,8,7,10,27,
    7,11,22,8,8,10,3,11,11,9,3,10,12,10,9,7,
    8,7,3,7,17,11,12,2,10,10,9,10,8,8,7,3,
    3,7,0,3,11,11,7,11,3,7,7,11,13,7,0,10,
    10,10,7,9,7,24,16,7,8,3,29,11,7,7,10,18,
    11,10,10,7,19,7,24,3,8,24,0,16,9,5,8,10,
    10,7,7,10,10,3,10,18,18,10,8,10,9,3,3,9,
    7,10,7,11,8,0,3,8,14,12,9,10,10,10,10,3,
    10,8,10,0,10,3,3,26,12,10,10,3,23,10,3,3,
    3,10,7,10,27,7,11,10,11,11,3,7,8,7,8,9,
    1,3,1,10,10,10,14,3,8,2,10,9,8,24,8,7,
    3,10,3,10,3,10,10,9,18,10,3,16,10,10,2,10,
    3,22,11,8,0,10,7,7,11,7,7,11,8,3,9,10,
    29,10,29,10,10,9,9,1,9,8,10,10,22,9,12,10,
    8,10,9,10,8,22,7,7,10,19,10,23,7,8,3,7,
    1,1,8,8,9,12,1,9,12,8,7,16,11,18,7,11,
    14,9,7,8,7,7,7,8,12,3,10,10,1,8,9,10,
    14,10,2,7,10,10,8,10,10,11,0,10,8,10,10,10,
    10,23,7,7,28,7,12,7,10,0,7,7,10,11,10,8,
    19,8,23,0,10,8,9,3,7,26,10,3,10,23,10,10,
    10,0,13,10,7,22,13,10,11,10,7,10,1,3,18,3,
    3,3,18,16,3,8,3,10,3,11,10,8,7,8,0,7,
    3,14,3,10,10,10,1,7,1,10,8,15,7,10,8,10,
    1,10,8,1,18,10,10,8,10,22,7,11,7,1,23,7,
    7,19,10,18,8,10,10,10,8,8,1,12,3,7,7,14,
    23,23,22,11,10,7,9,8,18,13,10,7,0,10,0,27,
    10,3,7,24,7,1,9,23,7,7,7,3,7,10,22,10,
    22,7,7,7,11,18,11,4,10,7,8,7,10,10,10,3,
    16,0,3,24,11,10,19,7,11,10,10,24,11,3,3,12,
    11,24,8,11,12,10,3,7,10,10,7,27,8,10,9,19,
    7,10,3,27,10,0,3,8,8,13,11,0,10,7,15,6,
    10,1,3,7,12,7,0,9,21,10,3,10,10,10,11,19,
    24,0,9,10,5,10,7,10,8,10,27,8,7,7,10,10,
    7,7,7,8,3,13,8,3,7,9,12,10,8,10,3,7,
    8,11,8,27,7,7,10,22,7,3,8,10,11,10,1,20,
    1,10,16,3,11,16,7,10,24,3,10,10,11,19,3,23,
    10,8,7,11,1,7,18,12,7,22,10,7,7,23,7,7,
    8,7,10,7,8,18,3,3,1,1,10,28,8,7,7,24,
    10,22,3,11,10,10,11,23,7,18,18,10,10,8,10,10,
    11,10,8,11,0,9,11,8,10,15,8,19,11,3,16,22,
    11,9,10,10,8,7,1,18,8,16,7,8,7,7,10,3,
    0,10,7,7,10,7,10,10,1,10,22,27,10,6,18,3,
    18,1,10,7,10,7,16,1,7,11,21,1,8,24,10,7,
    11,14,10,10,10,10,0,10,11,7,10,10,15,7,11,8,
    7,8,27,11,9,13,7,3,24,8,10,7,10,8,7,7,
    10,10,7,1,7,7,22,8,8,7,26,22,7,8,7,10,
    7,10,8,10,7,1,14,1,8,11,10,10,3,10,24,9,
    8,10,8,13,3,10,10,7,7,8,7,10,14,19,7,8,
    3,22,10,7,7,11,7,10,10,10,1,11,24,10,10,11,
    7,7,28,11,9,7,10,7,7,7,7,8,3,22,8,10,
    8,3,9,7,7,24,3,22,10,3,10,8,8,8,8,7,
    10,10,15,10,10,10,10,7,18,11,3,10,10,7,7,11,
    11,11,18,10,10,22,1,8,11,7,7,11,8,10,10,9,
    9,1,8,10,8,7,10,10,1,11,1,7,7,8,10,11,
    8,11,10,0,24,8,3,9,24,7,13,9,3,3,10,9,
    10,7,7,10,10,8,3,7,10,8,9,27,8,0,8,7,
    24,10,11,7,10,7,24,10,7,7,12,24,9,12,8,17,
    7,11,10,11,10,3,3,16,9,11,24,7,8,0,18,3,
    22,3,10,10,12,3,8,11,11,7,0,10,12,11,7,10,
    3,10,0,8,23,18,3,6,7,7,10,22,11,12,5,7,
    3,11,7,7,10,7,11,8,10,5,7,10,8,10,9,18,
    11,12,29,8,7,11,7,10,7,0,3,6,8,23,1,3,
    11,8,8,3,4,1,10,7,3,3,10,10,19,10,10,7,
    3,12,10,7,3,0,3,10,12,10,10,10,7,7,10,7,
    7,9,7,18,10,12,0,9,3,3,8,9,0,11,7,3,
    10,20,6,10,7,3,7,12,1,9,8,10,7,3,8,8,
    11,0,7,3,7,10,12,11,7,8,19,0,7,1,8,10,
    3,3,10,9,10,12,9,23,7,3,10,10,15,7,10,10,
    7,3,23,10,11,3,8,11,8,3,10,7,17,18,0,7,
    7,3,3,10,10,9,7,1,11,7,3,16,3,3,10,10,
    8,10,12,12,1,3,10,22,6,10,12,11,10,3,7,8,
    3,10,15,7,10,10,5,7,5,10,10,8,11,3,3,7,
    11,7,7,3,12,3,11,22,19,3,7,8,2,7,1,23,
    3,0,10,10,10,8,22,18,7,5,18,8,0,22,2,24,
    10,10,24,3,10,3,8,5,0,7,7,1,10,10,5,8,
    18,11,9,3,11,3,0,0,24,11,8,3,3,3,18,7,
    7,7,11,3,10,11,11,8,3,9,7,23,13,8,8,27,
    10,7,19,11,3,18,9,13,7,7,10,10,19,7,27,16,
    0,7,20,14,10,8,1,22,22,10,7,18,8,9,3,15,
    7,23,10,3,3,3,10,3,7,10,3,12,10,10,7,10,
    7,22,10,3,10,10,3,22,3,7,22,29,10,14,10,7,
    10,7,9,10,10,11,23,11,7,11,6,11,10,3,7,7,
    0,8,22,19,7,3,10,0,7,9,3,3,11,10,3,19,
    3,11,7,8,11,10,3,11,11,3,3,10,7,3,22,3,
    7,10,3,7,10,7,7,7,27,3,3,8,7,10,8,10,
    11,1,10,3,10,7,3,4,11,7,9,7,8,7,8,10,
    9,10,3,10,7,7,7,19,10,9,1,11,10,18,19,7,
    24,7,7,2,10,8,18,17,10,0,10,9,22,12,10,10,
    8,10,10,7,8,10,11,7,7,13,12,7,20,7,6,27,
    3,10,10,3,0,22,8,7,10,7,3,19,10,10,18,7,
    8,3,10,3,10,7,24,12,10,6,3,7,10,10,11,10,
    24,12,28,7,14,10,12,7,12,10,11,1,15,7,12,3,
    7,11,11,24,22,7,10,1,22,8,12,9,8,22,8,10,
    6,27,6,10,1,8,7,3,9,10,10,10,10,11,3,10,
    5,3,9,10,10,10,20,10,0,10,8,1,27,0,8,22,
    14,3,10,8,28,11,10,10,7,15,8,10,10,8,7,7,
    8,0,1,6,10,10,8,8,18,8,7,8,9,15,10,10,
    8,10,10,24,7,1,8,10,3,7,7,22,10,7,12,22,
    3,11,7,10,7,7,7,27,10,23,3,10,7,6,1,11,
    7,10,22,15,9,17,8,19,7,10,12,1,27,7,7,8,
    8,18,11,10,10,10,8,3,3,8,1,8,8,16,10,23,
    10,7,10,10,7,2,8,10,7,9,3,10,10,10,8,12,
    10,0,18,7,18,10,0,10,3,8,10,10,8,24,7,7,
    11,10,7,9,9,7,8,8,0,9,10,3,14,7,10,10,
    10,13,10,10,24,8,10,9,3,3,11,8,7,20,22,7,
    11,7,9,0,13,8,3,10,10,8,10,7,10,10,9,7,
    0,7,7,11,18,7,11,10,7,12,3,12,8,24,10,11,
    26,10,10,3,7,7,11,0,10,8,11,10,16,8,11,8,
    10,10,3,0,10,8,8,1,8,10,3,10,7,0,10,7,
    10,9,18,18,7,3,3,11,10,11,3,11,1,10,27,22,
    7,7,8,9,1,10,7,7,10,7,11,7,7,7,10,0,
    12,7,9,13,10,10,0,10,0,7,12,7,1,24,7,29,
    8,3,8,7,7,9,11,7,19,7,10,8,7,12,8,7,
    11,10,8,11,8,7,8,3,15,3,6,3,10,10,18,8,
    11,9,2,10,11,8,1,10,7,10,0,11,7,8,7,7,
    28,10,8,8,0,8,8,10,7,8,24,20,24,7,10,3,
    0,29,8,7,0,21,10,3,12,10,10,10,8,8,10,0,
    20,7,7,11,8,11,1,8,8,18,1,9,7,7,7,22,
    23,11,8,12,7,9,1,7,7,0,10,11,10,7,19,7,
    11,18,10,2,18,8,10,10,7,27,10,7,10,3,10,11,
    22,9,7,18,3,1,16,7,7,19,10,0,0,22,10,23,
    7,11,8,3,0,7,8,11,10,1,19,8,2,11,0,10,
    8,19,8,8,7,12,7,8,7,18,8,7,8,20,11,10,
    3,10,7,9,10,10,12,10,8,10,8,3,10,11,8,22,
    10,11,7,10,10,6,7,3,11,3,3,3,7,7,7,3,
    7,7,23,11,10,10,7,22,8,10,7,8,11,13,10,18,
    10,7,7,10,7,9,7,7,3,3,8,3,1,22,10,27,
    8,11,0,23,15,10,0,11,7,10,18,12,10,1,10,10,
    3,22,29,23,10,26,3,10,8,11,3,0,0,7,0,7,
    11,10,3,24,7,10,10,0,5,10,10,7,7,3,7,7,
    7,18,18,1,10,8,12,7,9,8,24,10,18,13,10,10,
    10,10,3,10,9,7,3,7,18,9,11,7,10,13,0,0,
    3,8,10,7,7,10,7,7,10,10,7,7,9,10,10,7,
    22,12,10,3,8,15,11,3,7,10,8,10,10,10,10,3,
    22,1,8,3,8,10,10,8,7,7,16,8,7,11,7,10,
    7,7,9,10,8,10,7,10,13,9,7,10,24,23,7,10,
    10,10,7,14,11,10,10,26,10,10,7,18,7,22,3,3,
    0,7,16,11,10,10,10,3,7,10,7,22,19,10,10,3,
    10,11,10,12,8,11,3,1,10,10,7,7,12,7,8,6,
    7,10,10,24,2,10,3,0,26,0,12,0,9,11,24,27,
    7,16,22,10,9,22,10,3,22,23,10,8,10,10,11,8,
    22,8,18,8,19,9,7,7,7,22,7,8,10,3,7,18,
    7,10,1,5,10,0,11,7,7,1,7,3,3,0,7,8,
    10,8,10,1,10,11,0,9,8,3,3,8,11,9,8,0,
    7,8,11,8,10,27,0,9,9,18,8,9,8,10,11,8,
    10,7,6,8,2,11,7,10,10,0,7,19,8,10,10,8,
    10,11,8,13,22,11,12,0,10,10,10,10,8,22,1,18,
    12,10,7,9,10,7,11,7,0,12,19,7,22,10,10,6,
    27,23,11,11,18,7,7,10,18,3,10,7,7,11,7,8,
    0,10,11,10,8,20,0,7,10,3,11,9,10,7,7,8,
    7,3,3,7,7,15,22,10,15,10,0,8,10,1,7,7,
    22,16,7,10,10,12,7,1,11,7,22,8,11,7,0,8,
    7,7,10,23,7,22,10,13,10,11,7,10,0,7,7,11,
    0,14,3,3,7,8,16,8,10,1,8,12,10,10,9,7,
    10,8,10,10,10,7,1,7,3,7,10,10,21,10,7,9,
    2,18,13,7,10,10,10,11,6,7,8,3,8,10,10,11,
    12,2,0,18,7,18,10,24,21,13,3,10,10,8,0,8,
    11,0,18,27,12,10,12,7,10,18,22,9,8,18,11,8,
    10,10,9,8,10,22,9,7,9,8,27,22,10,7,13,10,
    28,10,10,10,2,0,10,7,3,7,8,10,19,18,8,0,
    11,11,0,7,19,22,10,23,10,10,10,9,3,10,8,1,
    23,10,10,8,11,10,10,0,8,11,11,10,10,22,7,10,
    7,13,1,18,20,19,7,7,10,18,20,7,7,1,7,10,
    8,10,7,8,10,16,8,7,7,9,9,5,10,7,8,12,
    10,1,10,11,8,10,10,8,13,11,7,0,10,8,27,7,
    11,10,7,1,10,10,22,18,8,11,7,10,10,8,10,11,
    11,10,7,11,7,10,7,22,10,9,10,8,10,8,10,10,
    0,11,18,24,1,13,10,7,10,3,0,10,7,10,11,8,
    7,10,27,24,8,7,1,11,10,0,7,7,12,0,7,13,
    10,7,24,8,3,1,7,1,9,7,27,18,10,7,27,9,
    3,10,7,18,10,0,9,22,22,23,9,8,4,11,7,7,
    8,10,7,6,3,10,0,7,18,10,7,1,8,7,10,9,
    7,11,8,8,9,22,7,18,23,10,3,8,8,2,7,1,
    10,3,3,11,13,7,10,1,3,10,10,3,7,7,9,14,
    23,8,7,10,7,8,11,3,11,10,10,10,8,10,10,7,
    7,18,10,10,8,7,7,8,18,18,10,7,10,0,11,10,
    10,9,0,9,0,10,9,10,1,8,1,3,7,3,11,10,
    10,18,18,9,10,10,7,12,22,2,0,8,2,3,15,11,
    7,18,10,18,10,8,3,5,7,10,27,7,8,10,26,8,
    7,7,7,7,7,7,11,11,12,2,8,10,10,8,10,3,
    8,7,8,10,18,0,8,2,3,18,8,11,18,10,3,10,
    11,14,24,7,3,3,10,2,10,10,15,10,18,10,5,7,
    7,11,24,11,7,3,22,8,7,10,5,11,8,2,22,24,
    10,8,0,7,7,8,11,8,11,0,9,7,11,10,11,10,
    18,10,24,29,3,7,7,7,15,18,10,7,10,0,15,3,
    11,11,15,8,10,14,10,11,8,13,11,18,7,3,8,0,
    3,7,10,22,11,3,10,8,3,8,12,7,12,11,11,18,
    8,7,10,8,10,0,10,10,3,7,23,16,11,22,3,7,
    7,0,1,10,3,10,7,3,10,12,11,22,8,12,7,10,
    3,18,3,3,22,7,10,10,3,1,11,15,2,1,8,7,
    11,24,10,10,27,9,10,18,11,7,10,10,22,9,10,9,
    3,11,9,3,9,3,27,18,7,7,11,10,3,8,10,10,
    8,13,7,3,10,22,10,0,10,7,8,3,10,3,10,10,
    3,22,10,8,10,3,8,8,10,8,3,9,10,10,7,11,
    3,3,10,7,9,10,10,10,11,27,27,7,7,9,11,11,
    10,10,8,7,10,9,10,0,9,0,7,7,7,7,7,8,
    10,3,10,9,0,7,8,22,0,7,7,7,7,6,7,11,
    7,9,0,8,10,19,3,10,10,22,1,24,8,7,7,24,
    1,1,8,10,9,7,8,8,10,10,10,10,1,0,10,0,
    5,0,10,7,8,3,10,8,7,18,1,11,10,7,7,18,
    7,14,7,7,15,11,7,9,11,10,1,22,11,8,10,8,
    8,10,7,10,11,29,7,8,7,8,7,10,7,7,7,24,
    7,22,6,7,9,3,8,22,10,7,3,10,3,26,24,18,
    8,7,7,18,7,10,10,10,10,12,10,8,10,8,10,8,
    29,15,23,10,12,10,8,10,10,10,8,10,22,7,13,0,
    7,10,7,11,10,7,0,24,11,0,1,7,7,18,11,5,
    11,7,8,9,7,14,10,0,7,3,11,10,10,8,3,26,
    7,11,13,12,7,11,10,7,3,3,10,10,8,8,24,11,
    7,10,8,10,10,7,12,10,19,11,13,0,5,8,20,11,
    11,10,3,11,10,3,7,23,8,11,7,1,10,7,7,7,
    10,6,9,10,10,7,10,10,7,10,23,14,3,0,18,0,
    1,26,8,22,10,7,7,3,10,5,9,8,5,10,7,12,
    7,10,0,5,3,22,10,19,7,10,10,18,10,7,9,13,
    7,10,10,0,22,11,8,24,15,3,3,24,9,29,22,10,
    27,11,7,10,3,10,10,18,10,7,1,7,3,18,10,10,
    3,13,3,10,7,11,7,24,2,10,11,7,0,10,10,8,
    11,7,1,8,1,8,10,10,18,10,22,11,8,7,7,13,
    14,8,7,7,10,12,10,22,10,19,3,11,2,0,14,22,
    10,12,3,3,7,3,3,7,22,1,1,10,10,8,9,13,
    7,11,10,18,0,3,0,26,1,3,0,16,18,2,7,1,
    7,10,8,3,15,8,10,10,7,10,0,10,12,8,7,13,
    10,22,11,7,8,8,10,9,8,13,10,7,7,10,7,8,
    10,26,7,8,12,10,3,12,10,3,9,8,10,23,8,11,
    12,13,3,10,10,8,7,7,8,7,10,23,13,11,10,10,
    15,10,10,8,0,10,7,8,15,10,10,7,3,23,23,10,
    7,7,7,1,18,9,10,8,11,11,11,10,8,8,21,10,
    8,19,18,10,12,9,11,7,10,10,0,7,10,11,7,18,
    7,8,10,3,0,10,3,7,1,10,24,20,18,11,18,12,
    0,8,1,10,10,9,3,10,8,10,11,8,3,5,24,12,
    19,10,24,0,3,8,7,10,24,22,10,10,7,24,7,6,
    10,10,10,7,11,7,29,5,11,10,7,10,3,7,10,22,
    24,7,10,24,10,0,7,7,10,7,10,7,18,18,3,18,
    18,9,10,7,26,7,7,7,7,7,9,9,9,7,10,3,
    8,8,7,10,8,12,10,3,7,27,17,18,8,10,27,7,
    0,7,13,10,10,11,7,18,10,11,27,7,10,7,10,9,
    11,10,8,26,3,15,8,5,27,18,7,8,5,11,0,8,
    10,8,3,11,7,10,8,7,3,10,18,16,0,10,8,10,
    13,10,7,7,28,9,16,0,7,13,7,11,0,1,23,1,
    3,12,7,11,1,11,7,8,11,15,8,8,3,3,11,7,
    10,0,10,10,8,15,10,3,8,3,22,10,8,23,5,29,
    10,7,11,7,10,10,8,8,1,8,3,10,10,7,7,8,
    7,11,7,8,3,22,23,9,10,22,3,7,10,9,7,23,
    11,8,27,7,10,8,10,10,11,8,8,10,8,16,10,9,
    7,8,27,7,7,8,3,7,8,10,16,10,10,10,19,27,
    7,18,7,8,10,10,2,8,7,11,7,3,14,10,5,8,
    8,3,7,7,10,14,10,3,22,10,11,27,16,7,8,1,
    10,11,3,18,26,5,0,13,7,10,8,3,18,8,7,14,
    11,11,3,24,15,8,3,14,7,0,12,22,10,1,8,3,
    23,9,8,7,7,13,8,3,1,3,7,16,10,1,11,8,
    10,10,2,10,24,7,8,0,1,0,10,10,21,3,9,10,
    0,1,10,3,7,3,8,3,7,10,10,8,3,10,7,10,
    8,8,22,19,10,3,3,12,12,22,7,12,8,7,10,7,
    22,15,10,27,7,11,7,11,10,10,7,10,10,7,11,11,
    10,8,8,10,10,4,19,22,19,7,1,7,0,7,7,10,
    10,8,8,10,8,10,24,10,8,10,10,10,1,10,7,7,
    10,10,10,29,3,10,10,2,19,11,2,10,10,10,3,7,
    9,10,11,19,7,10,15,7,3,5,10,7,10,10,8,3,
    8,10,11,10,7,10,7,10,18,7,24,28,23,11,2,10,
    21,8,24,10,3,3,10,11,7,3,3,0,10,8,7,10,
    8,10,10,7,0,8,10,7,8,10,3,18,10,9,10,9,
    10,1,9,1,3,3,8,11,10,8,10,10,3,8,3,10,
    29,7,7,11,10,8,5,7,9,8,12,12,7,24,16,10,
    0,10,10,10,15,3,10,3,7,17,8,10,3,7,7,3,
    10,3,10,11,7,7,3,11,10,5,10,10,0,11,10,0,
    10,0,10,15,1,7,8,10,7,7,3,10,10,10,11,3,
    24,19,19,24,11,10,2,8,10,8,11,8,7,10,7,11,
    9,3,7,13,0,0,10,7,16,10,11,3,8,10,26,7,
    9,10,22,8,3,27,23,3,10,8,10,22,16,11,11,9,
    11,14,3,5,23,22,10,7,12,16,11,7,24,15,3,8,
    14,7,3,19,3,10,0,7,7,0,11,10,8,10,27,10,
    11,3,10,2,10,19,8,10,8,22,7,11,4,18,7,10,
    10,8,10,10,7,8,8,15,9,10,10,10,0,12,10,11,
    18,7,10,10,15,18,4,8,18,0,7,11,10,10,10,0,
    0,0,24,7,11,3,9,5,8,10,8,10,7,7,7,1,
    7,11,3,19,10,10,10,8,7,8,12,7,7,7,14,7,
    24,7,19,17,11,10,1,1,6,3,10,8,11,10,18,22,
    7,2,9,10,7,8,3,7,9,0,10,3,27,10,16,7,
    10,22,7,1,0,7,7,3,26,5,8,3,7,22,7,3,
    0,22,0,3,3,7,7,24,18,10,10,29,0,3,3,10,
    10,10,23,3,5,27,12,10,22,13,12,10,8,10,15,9,
    3,10,10,10,0,1,10,10,10,7,7,7,10,18,7,3,
    3,10,9,3,11,9,3,0,8,8,9,3,3,13,12,8,
    11,8,8,24,10,27,8,10,7,8,10,8,10,3,10,7,
    24,18,10,8,14,8,6,8,7,8,7,7,3,10,8,15,
    29,7,1,22,8,11,7,10,7,26,7,18,10,19,7,23,
    27,8,3,11,11,7,8,10,7,11,10,8,18,10,7,10,
    10,3,10,1,10,10,10,18,11,8,7,29,29,3,8,7,
    7,10,0,9,3,7,11,9,8,7,10,18,7,8,9,8,
    3,7,11,10,10,3,1,24,9,0,8,10,3,7,7,18,
    7,10,10,7,3,8,3,7,22,7,17,3,0,10,10,10,
    10,8,10,1,17,22,0,22,22,7,8,7,9,18,16,11,
    3,22,3,8,7,7,9,23,13,11,16,22,10,9,10,7,
    10,9,11,7,14,9,10,10,7,7,10,7,3,19,7,3,
    10,10,22,3,11,1,10,10,10,20,3,3,10,8,3,18,
    8,10,8,6,8,0,0,3,24,10,7,12,10,11,10,9,
    7,8,10,3,10,10,7,9,29,10,11,22,3,3,8,10,
    22,20,10,19,26,19,3,18,17,7,11,0,10,1,3,11,
    10,9,7,18,26,8,3,8,11,0,3,27,9,10,11,7,
    13,18,23,0,10,7,7,7,10,1,8,10,8,1,10,0,
    1,10,7,7,29,10,3,22,10,10,7,26,8,9,19,11,
    0,10,1,7,1,10,10,7,24,14,5,10,10,8,8,10,
    8,1,3,9,10,3,10,8,8,27,27,13,10,8,7,10,
    10,10,0,10,10,13,7,8,16,10,9,18,7,10,8,18,
    7,10,0,7,8,10,9,3,18,10,6,7,0,7,12,11,
    0,6,8,10,18,29,10,10,9,7,7,18,23,29,10,7,
    7,8,24,9,7,13,21,16,9,10,1,0,11,11,12,29,
    11,15,1,24,3,0,7,10,0,3,24,7,7,10,10,11,
    0,11,11,10,10,7,7,17,10,10,7,3,26,7,11,10,
    8,22,11,7,11,18,0,7,11,7,0,12,0,7,3,10,
    10,1,8,18,27,24,8,9,10,7,8,11,7,10,10,8,
    3,10,3,10,10,7,10,7,8,8,11,3,10,11,10,10,
    12,7,7,11,10,7,10,8,7,6,12,7,3,22,10,7,
    11,19,0,7,9,18,18,5,8,10,8,27,3,8,10,10,
    7,10,10,3,10,0,10,8,7,13,15,3,9,10,2,10,
    7,3,8,11,1,10,8,1,10,18,27,10,10,3,19,10,
    10,13,15,10,9,22,20,10,10,7,1,10,3,7,11,11,
    10,3,7,10,11,14,10,10,2,2,10,10,5,0,7,3,
    9,6,23,7,3,10,7,11,0,10,9,24,7,3,3,0,
    11,2,7,11,10,0,8,8,11,10,8,7,3,10,10,7,
    7,9,22,22,7,7,7,7,2,11,8,7,7,11,7,12,
    14,5,8,10,9,10,11,8,3,1,5,10,11,3,11,11,
    10,8,9,10,11,0,10,27,7,27,10,10,7,27,12,7,
    7,11,10,10,10,10,11,10,8,18,8,3,16,10,9,3,
    11,7,10,7,7,8,10,10,3,3,6,3,10,8,11,7,
    1,9,9,11,3,7,7,10,5,22,8,8,8,13,11,11,
    3,22,0,10,15,7,11,10,10,7,10,8,8,10,10,10,
    22,9,3,7,17,10,10,10,7,8,15,8,7,10,7,7,
    7,22,8,3,8,11,11,10,10,10,3,9,29,8,0,10,
    7,10,7,11,0,10,9,10,7,10,1,7,3,11,7,1,
    10,9,3,9,10,10,18,7,8,7,18,8,13,8,2,22,
    11,8,1,8,11,10,11,10,9,8,7,3,7,0,10,3,
    18,8,10,15,18,20,7,19,10,18,10,11,10,0,22,7,
    16,18,8,0,22,10,3,1,9,7,12,10,10,8,13,27,
    10,8,8,9,24,3,7,9,11,3,10,0,0,22,8,10,
    23,15,7,3,10,9,8,7,7,10,7,22,11,10,7,9,
    22,7,24,8,1,9,7,14,0,21,27,10,10,10,7,8,
    10,10,11,11,7,8,3,9,3,3,10,11,11,7,10,11,
    8,15,10,3,13,10,10,12,27,10,0,3,1,8,10,10,
    3,22,20,3,10,24,11,0,10,18,10,9,10,10,7,19,
    2,10,7,10,7,3,18,1,15,7,12,9,8,1,3,10,
    21,18,10,3,8,15,10,7,1,7,12,7,7,7,3,9,
    12,18,7,10,10,10,16,9,7,16,3,7,11,9,10,18,
    10,10,10,19,10,1,0,11,0,18,22,7,23,1,10,10,
    8,18,7,10,10,7,1,10,12,10,19,11,18,8,0,7,
    18,26,18,8,12,3,10,10,3,7,22,8,10,7,15,18,
    18,8,10,1,10,3,3,3,10,27,10,3,0,10,3,7,
    9,7,0,0,7,3,8,3,0,10,11,7,10,18,11,11,
    3,10,9,0,18,7,3,7,8,0,8,1,10,0,7,18,
    24,3,7,11,7,0,3,10,8,12,7,3,7,14,12,10,
    7,10,10,8,19,10,7,11,10,10,3,12,10,11,8,8,
    10,18,13,7,10,18,10,8,8,8,9,19,8,8,13,7,
    11,7,3,14,7,15,3,12,16,8,18,10,7,7,7,10,
    11,3,0,6,10,12,7,10,1,10,22,19,7,10,11,3,
    7,9,7,15,11,10,23,7,7,10,10,7,10,10,7,8,
    18,7,12,7,11,11,7,7,10,3,7,7,7,8,10,8,
    8,7,13,12,1,8,0,7,28,3,10,10,13,10,22,10,
    8,8,13,12,18,7,11,10,8,7,8,22,3,7,0,24,
    9,7,10,17,3,7,10,10,11,1,8,0,18,9,18,7,
    3,7,7,7,10,18,7,11,10,8,10,11,10,16,3,11,
    7,10,10,10,3,10,7,9,10,10,23,0,7,10,14,1,
    11,8,3,7,10,10,11,8,13,8,3,7,1,1,10,10,
    3,9,11,15,10,6,11,18,8,10,10,7,7,11,10,10,
    3,7,10,11,7,10,3,3,7,10,8,10,11,10,7,11,
    18,0,3,11,7,8,7,3,10,8,10,18,6,10,10,10,
    7,3,1,3,7,1,10,8,1,13,9,13,7,10,7,8,
    10,10,24,7,8,10,22,3,24,16,3,13,7,3,11,29,
    13,1,7,7,10,10,7,10,10,7,10,7,22,10,10,14,
    11,24,7,3,10,10,10,8,7,0,9,23,10,10,7,23,
    8,7,3,10,12,11,0,8,28,11,18,7,11,22,7,3,
    3,3,10,1,7,9,7,3,2,7,10,8,10,22,3,3,
    22,10,7,9,8,7,22,1,8,13,11,10,24,7,24,10,
    10,10,10,10,5,11,22,9,3,3,24,9,11,10,10,7,
    26,0,18,11,3,24,10,3,10,7,3,1,7,1,11,23,
    8,1,7,10,7,11,3,7,8,19,10,15,7,3,22,8,
    11,22,7,10,12,11,7,8,0,9,8,10,12,23,10,10,
    18,10,7,8,9,8,10,10,7,8,3,16,7,10,7,7,
    14,29,10,18,13,8,9,11,7,10,12,10,10,10,7,10,
    22,10,7,3,3,9,19,8,9,10,12,7,29,11,8,22,
    3,10,15,11,10,18,10,10,7,22,8,13,10,25,8,5,
    10,3,7,7,11,16,10,8,12,10,7,8,12,9,7,8,
    10,22,7,11,11,0,7,10,9,14,8,10,23,1,12,7,
    9,8,10,7,10,8,0,7,12,10,6,10,8,23,16,0,
    10,10,11,3,7,
};

static const uint32_t OUI_DATA_COUNT = 9685;
